Mot,Occurrences,Sources
"dia",9,"Pa Nu Papia Kriolu 3_Partie1.pdf; Pa Nu Papia Kriolu 3_Partie2.pdf; Pa Nu Papia Kriolu 3_Partie3.pdf; Pa Nu Papia Kriolu 3_Partie4.pdf; Pa Nu Papia Kriolu 3_Partie5.pdf; Pa Nu Papia Kriolu 3_Partie6.pdf; Pa Nu Papia Kriolu 3_Partie7.pdf; Pa Nu Papia Kriolu 3_Partie8.pdf; Pa Nu Papia Kriolu 3_Partie9.pdf"
"dos",9,"Pa Nu Papia Kriolu 3_Partie1.pdf; Pa Nu Papia Kriolu 3_Partie10.pdf; Pa Nu Papia Kriolu 3_Partie2.pdf; Pa Nu Papia Kriolu 3_Partie3.pdf; Pa Nu Papia Kriolu 3_Partie4.pdf; Pa Nu Papia Kriolu 3_Partie5.pdf; Pa Nu Papia Kriolu 3_Partie6.pdf; Pa Nu Papia Kriolu 3_Partie7.pdf; Pa Nu Papia Kriolu 3_Partie8.pdf"
"mas",9,"Pa Nu Papia Kriolu 3_Partie1.pdf; Pa Nu Papia Kriolu 3_Partie2.pdf; Pa Nu Papia Kriolu 3_Partie3.pdf; Pa Nu Papia Kriolu 3_Partie4.pdf; Pa Nu Papia Kriolu 3_Partie5.pdf; Pa Nu Papia Kriolu 3_Partie6.pdf; Pa Nu Papia Kriolu 3_Partie7.pdf; Pa Nu Papia Kriolu 3_Partie8.pdf; Pa Nu Papia Kriolu 3_Partie9.pdf"
"sai",8,"Pa Nu Papia Kriolu 3_Partie1.pdf; Pa Nu Papia Kriolu 3_Partie3.pdf; Pa Nu Papia Kriolu 3_Partie4.pdf; Pa Nu Papia Kriolu 3_Partie5.pdf; Pa Nu Papia Kriolu 3_Partie6.pdf; Pa Nu Papia Kriolu 3_Partie7.pdf; Pa Nu Papia Kriolu 3_Partie8.pdf; Pa Nu Papia Kriolu 3_Partie9.pdf"
"anu",8,"Pa Nu Papia Kriolu 3_Partie1.pdf; Pa Nu Papia Kriolu 3_Partie2.pdf; Pa Nu Papia Kriolu 3_Partie3.pdf; Pa Nu Papia Kriolu 3_Partie4.pdf; Pa Nu Papia Kriolu 3_Partie5.pdf; Pa Nu Papia Kriolu 3_Partie6.pdf; Pa Nu Papia Kriolu 3_Partie7.pdf; Pa Nu Papia Kriolu 3_Partie9.pdf"
"dor",8,"Pa Nu Papia Kriolu 3_Partie1.pdf; Pa Nu Papia Kriolu 3_Partie10.pdf; Pa Nu Papia Kriolu 3_Partie2.pdf; Pa Nu Papia Kriolu 3_Partie3.pdf; Pa Nu Papia Kriolu 3_Partie4.pdf; Pa Nu Papia Kriolu 3_Partie7.pdf; Pa Nu Papia Kriolu 3_Partie8.pdf; Pa Nu Papia Kriolu 3_Partie9.pdf"
"seti",8,"Pa Nu Papia Kriolu 3_Partie1.pdf; Pa Nu Papia Kriolu 3_Partie10.pdf; Pa Nu Papia Kriolu 3_Partie3.pdf; Pa Nu Papia Kriolu 3_Partie4.pdf; Pa Nu Papia Kriolu 3_Partie5.pdf; Pa Nu Papia Kriolu 3_Partie7.pdf; Pa Nu Papia Kriolu 3_Partie8.pdf; Pa Nu Papia Kriolu 3_Partie9.pdf"
"des",8,"Pa Nu Papia Kriolu 3_Partie1.pdf; Pa Nu Papia Kriolu 3_Partie10.pdf; Pa Nu Papia Kriolu 3_Partie3.pdf; Pa Nu Papia Kriolu 3_Partie4.pdf; Pa Nu Papia Kriolu 3_Partie5.pdf; Pa Nu Papia Kriolu 3_Partie7.pdf; Pa Nu Papia Kriolu 3_Partie8.pdf; Pa Nu Papia Kriolu 3_Partie9.pdf"
"oji",8,"Pa Nu Papia Kriolu 3_Partie1.pdf; Pa Nu Papia Kriolu 3_Partie10.pdf; Pa Nu Papia Kriolu 3_Partie2.pdf; Pa Nu Papia Kriolu 3_Partie4.pdf; Pa Nu Papia Kriolu 3_Partie5.pdf; Pa Nu Papia Kriolu 3_Partie6.pdf; Pa Nu Papia Kriolu 3_Partie7.pdf; Pa Nu Papia Kriolu 3_Partie8.pdf"
"mininu",8,"Pa Nu Papia Kriolu 3_Partie1.pdf; Pa Nu Papia Kriolu 3_Partie2.pdf; Pa Nu Papia Kriolu 3_Partie3.pdf; Pa Nu Papia Kriolu 3_Partie5.pdf; Pa Nu Papia Kriolu 3_Partie6.pdf; Pa Nu Papia Kriolu 3_Partie7.pdf; Pa Nu Papia Kriolu 3_Partie8.pdf; Pa Nu Papia Kriolu 3_Partie9.pdf"
"see",8,"Pa Nu Papia Kriolu 3_Partie1.pdf; Pa Nu Papia Kriolu 3_Partie10.pdf; Pa Nu Papia Kriolu 3_Partie2.pdf; Pa Nu Papia Kriolu 3_Partie3.pdf; Pa Nu Papia Kriolu 3_Partie4.pdf; Pa Nu Papia Kriolu 3_Partie7.pdf; Pa Nu Papia Kriolu 3_Partie8.pdf; Pa Nu Papia Kriolu 3_Partie9.pdf"
"one",8,"Pa Nu Papia Kriolu 3_Partie1.pdf; Pa Nu Papia Kriolu 3_Partie10.pdf; Pa Nu Papia Kriolu 3_Partie2.pdf; Pa Nu Papia Kriolu 3_Partie3.pdf; Pa Nu Papia Kriolu 3_Partie4.pdf; Pa Nu Papia Kriolu 3_Partie5.pdf; Pa Nu Papia Kriolu 3_Partie8.pdf; Pa Nu Papia Kriolu 3_Partie9.pdf"
"ami",7,"Pa Nu Papia Kriolu 3_Partie1.pdf; Pa Nu Papia Kriolu 3_Partie2.pdf; Pa Nu Papia Kriolu 3_Partie3.pdf; Pa Nu Papia Kriolu 3_Partie4.pdf; Pa Nu Papia Kriolu 3_Partie7.pdf; Pa Nu Papia Kriolu 3_Partie8.pdf; Pa Nu Papia Kriolu 3_Partie9.pdf"
"goncalves",7,"Pa Nu Papia Kriolu 3_Partie1.pdf; Pa Nu Papia Kriolu 3_Partie3.pdf; Pa Nu Papia Kriolu 3_Partie4.pdf; Pa Nu Papia Kriolu 3_Partie5.pdf; Pa Nu Papia Kriolu 3_Partie7.pdf; Pa Nu Papia Kriolu 3_Partie8.pdf; Pa Nu Papia Kriolu 3_Partie9.pdf"
"antis",7,"Pa Nu Papia Kriolu 3_Partie1.pdf; Pa Nu Papia Kriolu 3_Partie4.pdf; Pa Nu Papia Kriolu 3_Partie5.pdf; Pa Nu Papia Kriolu 3_Partie6.pdf; Pa Nu Papia Kriolu 3_Partie7.pdf; Pa Nu Papia Kriolu 3_Partie8.pdf; Pa Nu Papia Kriolu 3_Partie9.pdf"
"ago",7,"Pa Nu Papia Kriolu 3_Partie1.pdf; Pa Nu Papia Kriolu 3_Partie10.pdf; Pa Nu Papia Kriolu 3_Partie2.pdf; Pa Nu Papia Kriolu 3_Partie3.pdf; Pa Nu Papia Kriolu 3_Partie4.pdf; Pa Nu Papia Kriolu 3_Partie8.pdf; Pa Nu Papia Kriolu 3_Partie9.pdf"
"mantenha",7,"Pa Nu Papia Kriolu 3_Partie1.pdf; Pa Nu Papia Kriolu 3_Partie10.pdf; Pa Nu Papia Kriolu 3_Partie2.pdf; Pa Nu Papia Kriolu 3_Partie3.pdf; Pa Nu Papia Kriolu 3_Partie5.pdf; Pa Nu Papia Kriolu 3_Partie7.pdf; Pa Nu Papia Kriolu 3_Partie8.pdf"
"natal",7,"Pa Nu Papia Kriolu 3_Partie10.pdf; Pa Nu Papia Kriolu 3_Partie3.pdf; Pa Nu Papia Kriolu 3_Partie4.pdf; Pa Nu Papia Kriolu 3_Partie5.pdf; Pa Nu Papia Kriolu 3_Partie7.pdf; Pa Nu Papia Kriolu 3_Partie8.pdf; Pa Nu Papia Kriolu 3_Partie9.pdf"
"subi",7,"Pa Nu Papia Kriolu 3_Partie10.pdf; Pa Nu Papia Kriolu 3_Partie4.pdf; Pa Nu Papia Kriolu 3_Partie5.pdf; Pa Nu Papia Kriolu 3_Partie6.pdf; Pa Nu Papia Kriolu 3_Partie7.pdf; Pa Nu Papia Kriolu 3_Partie8.pdf; Pa Nu Papia Kriolu 3_Partie9.pdf"
"tenpu",7,"Pa Nu Papia Kriolu 3_Partie10.pdf; Pa Nu Papia Kriolu 3_Partie3.pdf; Pa Nu Papia Kriolu 3_Partie4.pdf; Pa Nu Papia Kriolu 3_Partie5.pdf; Pa Nu Papia Kriolu 3_Partie6.pdf; Pa Nu Papia Kriolu 3_Partie7.pdf; Pa Nu Papia Kriolu 3_Partie9.pdf"
"merka",7,"Pa Nu Papia Kriolu 3_Partie2.pdf; Pa Nu Papia Kriolu 3_Partie3.pdf; Pa Nu Papia Kriolu 3_Partie4.pdf; Pa Nu Papia Kriolu 3_Partie5.pdf; Pa Nu Papia Kriolu 3_Partie6.pdf; Pa Nu Papia Kriolu 3_Partie7.pdf; Pa Nu Papia Kriolu 3_Partie8.pdf"
"sima",7,"Pa Nu Papia Kriolu 3_Partie2.pdf; Pa Nu Papia Kriolu 3_Partie3.pdf; Pa Nu Papia Kriolu 3_Partie4.pdf; Pa Nu Papia Kriolu 3_Partie5.pdf; Pa Nu Papia Kriolu 3_Partie6.pdf; Pa Nu Papia Kriolu 3_Partie7.pdf; Pa Nu Papia Kriolu 3_Partie9.pdf"
"suma",7,"Pa Nu Papia Kriolu 3_Partie2.pdf; Pa Nu Papia Kriolu 3_Partie3.pdf; Pa Nu Papia Kriolu 3_Partie4.pdf; Pa Nu Papia Kriolu 3_Partie5.pdf; Pa Nu Papia Kriolu 3_Partie6.pdf; Pa Nu Papia Kriolu 3_Partie7.pdf; Pa Nu Papia Kriolu 3_Partie9.pdf"
"txora",7,"Pa Nu Papia Kriolu 3_Partie3.pdf; Pa Nu Papia Kriolu 3_Partie4.pdf; Pa Nu Papia Kriolu 3_Partie5.pdf; Pa Nu Papia Kriolu 3_Partie6.pdf; Pa Nu Papia Kriolu 3_Partie7.pdf; Pa Nu Papia Kriolu 3_Partie8.pdf; Pa Nu Papia Kriolu 3_Partie9.pdf"
"eat",6,"Pa Nu Papia Kriolu 3_Partie1.pdf; Pa Nu Papia Kriolu 3_Partie2.pdf; Pa Nu Papia Kriolu 3_Partie3.pdf; Pa Nu Papia Kriolu 3_Partie5.pdf; Pa Nu Papia Kriolu 3_Partie8.pdf; Pa Nu Papia Kriolu 3_Partie9.pdf"
"ail",6,"Pa Nu Papia Kriolu 3_Partie1.pdf; Pa Nu Papia Kriolu 3_Partie2.pdf; Pa Nu Papia Kriolu 3_Partie3.pdf; Pa Nu Papia Kriolu 3_Partie4.pdf; Pa Nu Papia Kriolu 3_Partie8.pdf; Pa Nu Papia Kriolu 3_Partie9.pdf"
"social",6,"Pa Nu Papia Kriolu 3_Partie1.pdf; Pa Nu Papia Kriolu 3_Partie10.pdf; Pa Nu Papia Kriolu 3_Partie2.pdf; Pa Nu Papia Kriolu 3_Partie4.pdf; Pa Nu Papia Kriolu 3_Partie8.pdf; Pa Nu Papia Kriolu 3_Partie9.pdf"
"present",6,"Pa Nu Papia Kriolu 3_Partie1.pdf; Pa Nu Papia Kriolu 3_Partie2.pdf; Pa Nu Papia Kriolu 3_Partie3.pdf; Pa Nu Papia Kriolu 3_Partie4.pdf; Pa Nu Papia Kriolu 3_Partie7.pdf; Pa Nu Papia Kriolu 3_Partie9.pdf"
"parentheses",6,"Pa Nu Papia Kriolu 3_Partie1.pdf; Pa Nu Papia Kriolu 3_Partie3.pdf; Pa Nu Papia Kriolu 3_Partie4.pdf; Pa Nu Papia Kriolu 3_Partie5.pdf; Pa Nu Papia Kriolu 3_Partie6.pdf; Pa Nu Papia Kriolu 3_Partie7.pdf"
"manda",6,"Pa Nu Papia Kriolu 3_Partie1.pdf; Pa Nu Papia Kriolu 3_Partie10.pdf; Pa Nu Papia Kriolu 3_Partie4.pdf; Pa Nu Papia Kriolu 3_Partie5.pdf; Pa Nu Papia Kriolu 3_Partie7.pdf; Pa Nu Papia Kriolu 3_Partie8.pdf"
"kenha",6,"Pa Nu Papia Kriolu 3_Partie1.pdf; Pa Nu Papia Kriolu 3_Partie2.pdf; Pa Nu Papia Kriolu 3_Partie4.pdf; Pa Nu Papia Kriolu 3_Partie5.pdf; Pa Nu Papia Kriolu 3_Partie6.pdf; Pa Nu Papia Kriolu 3_Partie7.pdf"
"bedju",6,"Pa Nu Papia Kriolu 3_Partie1.pdf; Pa Nu Papia Kriolu 3_Partie2.pdf; Pa Nu Papia Kriolu 3_Partie4.pdf; Pa Nu Papia Kriolu 3_Partie5.pdf; Pa Nu Papia Kriolu 3_Partie8.pdf; Pa Nu Papia Kriolu 3_Partie9.pdf"
"djuda",6,"Pa Nu Papia Kriolu 3_Partie1.pdf; Pa Nu Papia Kriolu 3_Partie2.pdf; Pa Nu Papia Kriolu 3_Partie6.pdf; Pa Nu Papia Kriolu 3_Partie7.pdf; Pa Nu Papia Kriolu 3_Partie8.pdf; Pa Nu Papia Kriolu 3_Partie9.pdf"
"nhor",6,"Pa Nu Papia Kriolu 3_Partie1.pdf; Pa Nu Papia Kriolu 3_Partie3.pdf; Pa Nu Papia Kriolu 3_Partie4.pdf; Pa Nu Papia Kriolu 3_Partie5.pdf; Pa Nu Papia Kriolu 3_Partie7.pdf; Pa Nu Papia Kriolu 3_Partie9.pdf"
"obi",6,"Pa Nu Papia Kriolu 3_Partie1.pdf; Pa Nu Papia Kriolu 3_Partie3.pdf; Pa Nu Papia Kriolu 3_Partie5.pdf; Pa Nu Papia Kriolu 3_Partie7.pdf; Pa Nu Papia Kriolu 3_Partie8.pdf; Pa Nu Papia Kriolu 3_Partie9.pdf"
"interu",6,"Pa Nu Papia Kriolu 3_Partie1.pdf; Pa Nu Papia Kriolu 3_Partie10.pdf; Pa Nu Papia Kriolu 3_Partie4.pdf; Pa Nu Papia Kriolu 3_Partie6.pdf; Pa Nu Papia Kriolu 3_Partie7.pdf; Pa Nu Papia Kriolu 3_Partie8.pdf"
"doctor",6,"Pa Nu Papia Kriolu 3_Partie10.pdf; Pa Nu Papia Kriolu 3_Partie2.pdf; Pa Nu Papia Kriolu 3_Partie3.pdf; Pa Nu Papia Kriolu 3_Partie4.pdf; Pa Nu Papia Kriolu 3_Partie8.pdf; Pa Nu Papia Kriolu 3_Partie9.pdf"
"sosial",6,"Pa Nu Papia Kriolu 3_Partie10.pdf; Pa Nu Papia Kriolu 3_Partie2.pdf; Pa Nu Papia Kriolu 3_Partie4.pdf; Pa Nu Papia Kriolu 3_Partie6.pdf; Pa Nu Papia Kriolu 3_Partie8.pdf; Pa Nu Papia Kriolu 3_Partie9.pdf"
"inda",6,"Pa Nu Papia Kriolu 3_Partie10.pdf; Pa Nu Papia Kriolu 3_Partie4.pdf; Pa Nu Papia Kriolu 3_Partie5.pdf; Pa Nu Papia Kriolu 3_Partie6.pdf; Pa Nu Papia Kriolu 3_Partie7.pdf; Pa Nu Papia Kriolu 3_Partie8.pdf"
"rabida",6,"Pa Nu Papia Kriolu 3_Partie10.pdf; Pa Nu Papia Kriolu 3_Partie3.pdf; Pa Nu Papia Kriolu 3_Partie5.pdf; Pa Nu Papia Kriolu 3_Partie7.pdf; Pa Nu Papia Kriolu 3_Partie8.pdf; Pa Nu Papia Kriolu 3_Partie9.pdf"
"semana",6,"Pa Nu Papia Kriolu 3_Partie10.pdf; Pa Nu Papia Kriolu 3_Partie3.pdf; Pa Nu Papia Kriolu 3_Partie4.pdf; Pa Nu Papia Kriolu 3_Partie6.pdf; Pa Nu Papia Kriolu 3_Partie7.pdf; Pa Nu Papia Kriolu 3_Partie9.pdf"
"mal",6,"Pa Nu Papia Kriolu 3_Partie10.pdf; Pa Nu Papia Kriolu 3_Partie2.pdf; Pa Nu Papia Kriolu 3_Partie4.pdf; Pa Nu Papia Kriolu 3_Partie6.pdf; Pa Nu Papia Kriolu 3_Partie7.pdf; Pa Nu Papia Kriolu 3_Partie8.pdf"
"tera",6,"Pa Nu Papia Kriolu 3_Partie2.pdf; Pa Nu Papia Kriolu 3_Partie4.pdf; Pa Nu Papia Kriolu 3_Partie5.pdf; Pa Nu Papia Kriolu 3_Partie6.pdf; Pa Nu Papia Kriolu 3_Partie7.pdf; Pa Nu Papia Kriolu 3_Partie9.pdf"
"dotor",6,"Pa Nu Papia Kriolu 3_Partie2.pdf; Pa Nu Papia Kriolu 3_Partie3.pdf; Pa Nu Papia Kriolu 3_Partie4.pdf; Pa Nu Papia Kriolu 3_Partie5.pdf; Pa Nu Papia Kriolu 3_Partie8.pdf; Pa Nu Papia Kriolu 3_Partie9.pdf"
"sedu",6,"Pa Nu Papia Kriolu 3_Partie3.pdf; Pa Nu Papia Kriolu 3_Partie4.pdf; Pa Nu Papia Kriolu 3_Partie5.pdf; Pa Nu Papia Kriolu 3_Partie6.pdf; Pa Nu Papia Kriolu 3_Partie7.pdf; Pa Nu Papia Kriolu 3_Partie9.pdf"
"midjor",6,"Pa Nu Papia Kriolu 3_Partie4.pdf; Pa Nu Papia Kriolu 3_Partie5.pdf; Pa Nu Papia Kriolu 3_Partie6.pdf; Pa Nu Papia Kriolu 3_Partie7.pdf; Pa Nu Papia Kriolu 3_Partie8.pdf; Pa Nu Papia Kriolu 3_Partie9.pdf"
"abo",5,"Pa Nu Papia Kriolu 3_Partie1.pdf; Pa Nu Papia Kriolu 3_Partie10.pdf; Pa Nu Papia Kriolu 3_Partie3.pdf; Pa Nu Papia Kriolu 3_Partie5.pdf; Pa Nu Papia Kriolu 3_Partie8.pdf"
"ael",5,"Pa Nu Papia Kriolu 3_Partie1.pdf; Pa Nu Papia Kriolu 3_Partie2.pdf; Pa Nu Papia Kriolu 3_Partie3.pdf; Pa Nu Papia Kriolu 3_Partie8.pdf; Pa Nu Papia Kriolu 3_Partie9.pdf"
"use",5,"Pa Nu Papia Kriolu 3_Partie1.pdf; Pa Nu Papia Kriolu 3_Partie10.pdf; Pa Nu Papia Kriolu 3_Partie2.pdf; Pa Nu Papia Kriolu 3_Partie3.pdf; Pa Nu Papia Kriolu 3_Partie9.pdf"
"fedi",5,"Pa Nu Papia Kriolu 3_Partie1.pdf; Pa Nu Papia Kriolu 3_Partie10.pdf; Pa Nu Papia Kriolu 3_Partie7.pdf; Pa Nu Papia Kriolu 3_Partie8.pdf; Pa Nu Papia Kriolu 3_Partie9.pdf"
"kama",5,"Pa Nu Papia Kriolu 3_Partie1.pdf; Pa Nu Papia Kriolu 3_Partie3.pdf; Pa Nu Papia Kriolu 3_Partie5.pdf; Pa Nu Papia Kriolu 3_Partie8.pdf; Pa Nu Papia Kriolu 3_Partie9.pdf"
"express",5,"Pa Nu Papia Kriolu 3_Partie1.pdf; Pa Nu Papia Kriolu 3_Partie2.pdf; Pa Nu Papia Kriolu 3_Partie3.pdf; Pa Nu Papia Kriolu 3_Partie4.pdf; Pa Nu Papia Kriolu 3_Partie9.pdf"
"segundu",5,"Pa Nu Papia Kriolu 3_Partie1.pdf; Pa Nu Papia Kriolu 3_Partie10.pdf; Pa Nu Papia Kriolu 3_Partie3.pdf; Pa Nu Papia Kriolu 3_Partie8.pdf; Pa Nu Papia Kriolu 3_Partie9.pdf"
"sais",5,"Pa Nu Papia Kriolu 3_Partie1.pdf; Pa Nu Papia Kriolu 3_Partie10.pdf; Pa Nu Papia Kriolu 3_Partie3.pdf; Pa Nu Papia Kriolu 3_Partie5.pdf; Pa Nu Papia Kriolu 3_Partie9.pdf"
"desimu",5,"Pa Nu Papia Kriolu 3_Partie1.pdf; Pa Nu Papia Kriolu 3_Partie10.pdf; Pa Nu Papia Kriolu 3_Partie3.pdf; Pa Nu Papia Kriolu 3_Partie8.pdf; Pa Nu Papia Kriolu 3_Partie9.pdf"
"sasenta",5,"Pa Nu Papia Kriolu 3_Partie1.pdf; Pa Nu Papia Kriolu 3_Partie10.pdf; Pa Nu Papia Kriolu 3_Partie3.pdf; Pa Nu Papia Kriolu 3_Partie7.pdf; Pa Nu Papia Kriolu 3_Partie9.pdf"
"poor",5,"Pa Nu Papia Kriolu 3_Partie1.pdf; Pa Nu Papia Kriolu 3_Partie10.pdf; Pa Nu Papia Kriolu 3_Partie4.pdf; Pa Nu Papia Kriolu 3_Partie8.pdf; Pa Nu Papia Kriolu 3_Partie9.pdf"
"omesmu",5,"Pa Nu Papia Kriolu 3_Partie1.pdf; Pa Nu Papia Kriolu 3_Partie10.pdf; Pa Nu Papia Kriolu 3_Partie6.pdf; Pa Nu Papia Kriolu 3_Partie7.pdf; Pa Nu Papia Kriolu 3_Partie8.pdf"
"ana",5,"Pa Nu Papia Kriolu 3_Partie1.pdf; Pa Nu Papia Kriolu 3_Partie2.pdf; Pa Nu Papia Kriolu 3_Partie4.pdf; Pa Nu Papia Kriolu 3_Partie5.pdf; Pa Nu Papia Kriolu 3_Partie7.pdf"
"bia",5,"Pa Nu Papia Kriolu 3_Partie1.pdf; Pa Nu Papia Kriolu 3_Partie2.pdf; Pa Nu Papia Kriolu 3_Partie3.pdf; Pa Nu Papia Kriolu 3_Partie5.pdf; Pa Nu Papia Kriolu 3_Partie7.pdf"
"kutxidu",5,"Pa Nu Papia Kriolu 3_Partie1.pdf; Pa Nu Papia Kriolu 3_Partie4.pdf; Pa Nu Papia Kriolu 3_Partie6.pdf; Pa Nu Papia Kriolu 3_Partie8.pdf; Pa Nu Papia Kriolu 3_Partie9.pdf"
"papaia",5,"Pa Nu Papia Kriolu 3_Partie1.pdf; Pa Nu Papia Kriolu 3_Partie6.pdf; Pa Nu Papia Kriolu 3_Partie7.pdf; Pa Nu Papia Kriolu 3_Partie8.pdf; Pa Nu Papia Kriolu 3_Partie9.pdf"
"tijela",5,"Pa Nu Papia Kriolu 3_Partie1.pdf; Pa Nu Papia Kriolu 3_Partie5.pdf; Pa Nu Papia Kriolu 3_Partie6.pdf; Pa Nu Papia Kriolu 3_Partie7.pdf; Pa Nu Papia Kriolu 3_Partie9.pdf"
"banana",5,"Pa Nu Papia Kriolu 3_Partie1.pdf; Pa Nu Papia Kriolu 3_Partie4.pdf; Pa Nu Papia Kriolu 3_Partie6.pdf; Pa Nu Papia Kriolu 3_Partie8.pdf; Pa Nu Papia Kriolu 3_Partie9.pdf"
"alma",5,"Pa Nu Papia Kriolu 3_Partie1.pdf; Pa Nu Papia Kriolu 3_Partie10.pdf; Pa Nu Papia Kriolu 3_Partie5.pdf; Pa Nu Papia Kriolu 3_Partie6.pdf; Pa Nu Papia Kriolu 3_Partie8.pdf"
"dedu",5,"Pa Nu Papia Kriolu 3_Partie10.pdf; Pa Nu Papia Kriolu 3_Partie3.pdf; Pa Nu Papia Kriolu 3_Partie5.pdf; Pa Nu Papia Kriolu 3_Partie8.pdf; Pa Nu Papia Kriolu 3_Partie9.pdf"
"ladu",5,"Pa Nu Papia Kriolu 3_Partie10.pdf; Pa Nu Papia Kriolu 3_Partie3.pdf; Pa Nu Papia Kriolu 3_Partie6.pdf; Pa Nu Papia Kriolu 3_Partie7.pdf; Pa Nu Papia Kriolu 3_Partie8.pdf"
"sina",5,"Pa Nu Papia Kriolu 3_Partie10.pdf; Pa Nu Papia Kriolu 3_Partie3.pdf; Pa Nu Papia Kriolu 3_Partie4.pdf; Pa Nu Papia Kriolu 3_Partie8.pdf; Pa Nu Papia Kriolu 3_Partie9.pdf"
"kaladu",5,"Pa Nu Papia Kriolu 3_Partie10.pdf; Pa Nu Papia Kriolu 3_Partie2.pdf; Pa Nu Papia Kriolu 3_Partie5.pdf; Pa Nu Papia Kriolu 3_Partie7.pdf; Pa Nu Papia Kriolu 3_Partie8.pdf"
"tal",5,"Pa Nu Papia Kriolu 3_Partie10.pdf; Pa Nu Papia Kriolu 3_Partie5.pdf; Pa Nu Papia Kriolu 3_Partie7.pdf; Pa Nu Papia Kriolu 3_Partie8.pdf; Pa Nu Papia Kriolu 3_Partie9.pdf"
"para",5,"Pa Nu Papia Kriolu 3_Partie10.pdf; Pa Nu Papia Kriolu 3_Partie3.pdf; Pa Nu Papia Kriolu 3_Partie4.pdf; Pa Nu Papia Kriolu 3_Partie7.pdf; Pa Nu Papia Kriolu 3_Partie8.pdf"
"studa",5,"Pa Nu Papia Kriolu 3_Partie10.pdf; Pa Nu Papia Kriolu 3_Partie2.pdf; Pa Nu Papia Kriolu 3_Partie4.pdf; Pa Nu Papia Kriolu 3_Partie8.pdf; Pa Nu Papia Kriolu 3_Partie9.pdf"
"menza",5,"Pa Nu Papia Kriolu 3_Partie10.pdf; Pa Nu Papia Kriolu 3_Partie3.pdf; Pa Nu Papia Kriolu 3_Partie5.pdf; Pa Nu Papia Kriolu 3_Partie8.pdf; Pa Nu Papia Kriolu 3_Partie9.pdf"
"kal",5,"Pa Nu Papia Kriolu 3_Partie10.pdf; Pa Nu Papia Kriolu 3_Partie4.pdf; Pa Nu Papia Kriolu 3_Partie5.pdf; Pa Nu Papia Kriolu 3_Partie6.pdf; Pa Nu Papia Kriolu 3_Partie8.pdf"
"bistidu",5,"Pa Nu Papia Kriolu 3_Partie2.pdf; Pa Nu Papia Kriolu 3_Partie4.pdf; Pa Nu Papia Kriolu 3_Partie6.pdf; Pa Nu Papia Kriolu 3_Partie7.pdf; Pa Nu Papia Kriolu 3_Partie8.pdf"
"expensive",5,"Pa Nu Papia Kriolu 3_Partie2.pdf; Pa Nu Papia Kriolu 3_Partie4.pdf; Pa Nu Papia Kriolu 3_Partie5.pdf; Pa Nu Papia Kriolu 3_Partie8.pdf; Pa Nu Papia Kriolu 3_Partie9.pdf"
"mora",5,"Pa Nu Papia Kriolu 3_Partie2.pdf; Pa Nu Papia Kriolu 3_Partie3.pdf; Pa Nu Papia Kriolu 3_Partie4.pdf; Pa Nu Papia Kriolu 3_Partie8.pdf; Pa Nu Papia Kriolu 3_Partie9.pdf"
"fastentu",5,"Pa Nu Papia Kriolu 3_Partie2.pdf; Pa Nu Papia Kriolu 3_Partie3.pdf; Pa Nu Papia Kriolu 3_Partie4.pdf; Pa Nu Papia Kriolu 3_Partie5.pdf; Pa Nu Papia Kriolu 3_Partie8.pdf"
"kaneta",5,"Pa Nu Papia Kriolu 3_Partie2.pdf; Pa Nu Papia Kriolu 3_Partie4.pdf; Pa Nu Papia Kriolu 3_Partie5.pdf; Pa Nu Papia Kriolu 3_Partie8.pdf; Pa Nu Papia Kriolu 3_Partie9.pdf"
"marna",5,"Pa Nu Papia Kriolu 3_Partie2.pdf; Pa Nu Papia Kriolu 3_Partie3.pdf; Pa Nu Papia Kriolu 3_Partie6.pdf; Pa Nu Papia Kriolu 3_Partie8.pdf; Pa Nu Papia Kriolu 3_Partie9.pdf"
"promise",5,"Pa Nu Papia Kriolu 3_Partie2.pdf; Pa Nu Papia Kriolu 3_Partie3.pdf; Pa Nu Papia Kriolu 3_Partie7.pdf; Pa Nu Papia Kriolu 3_Partie8.pdf; Pa Nu Papia Kriolu 3_Partie9.pdf"
"diskese",5,"Pa Nu Papia Kriolu 3_Partie2.pdf; Pa Nu Papia Kriolu 3_Partie3.pdf; Pa Nu Papia Kriolu 3_Partie7.pdf; Pa Nu Papia Kriolu 3_Partie8.pdf; Pa Nu Papia Kriolu 3_Partie9.pdf"
"midjora",5,"Pa Nu Papia Kriolu 3_Partie3.pdf; Pa Nu Papia Kriolu 3_Partie5.pdf; Pa Nu Papia Kriolu 3_Partie7.pdf; Pa Nu Papia Kriolu 3_Partie8.pdf; Pa Nu Papia Kriolu 3_Partie9.pdf"
"termina",5,"Pa Nu Papia Kriolu 3_Partie4.pdf; Pa Nu Papia Kriolu 3_Partie5.pdf; Pa Nu Papia Kriolu 3_Partie7.pdf; Pa Nu Papia Kriolu 3_Partie8.pdf; Pa Nu Papia Kriolu 3_Partie9.pdf"
"air",5,"Pa Nu Papia Kriolu 3_Partie4.pdf; Pa Nu Papia Kriolu 3_Partie5.pdf; Pa Nu Papia Kriolu 3_Partie6.pdf; Pa Nu Papia Kriolu 3_Partie8.pdf; Pa Nu Papia Kriolu 3_Partie9.pdf"
"koredor",5,"Pa Nu Papia Kriolu 3_Partie5.pdf; Pa Nu Papia Kriolu 3_Partie6.pdf; Pa Nu Papia Kriolu 3_Partie7.pdf; Pa Nu Papia Kriolu 3_Partie8.pdf; Pa Nu Papia Kriolu 3_Partie9.pdf"
"marelu",4,"Pa Nu Papia Kriolu 3_Partie1.pdf; Pa Nu Papia Kriolu 3_Partie10.pdf; Pa Nu Papia Kriolu 3_Partie2.pdf; Pa Nu Papia Kriolu 3_Partie8.pdf"
"prende",4,"Pa Nu Papia Kriolu 3_Partie1.pdf; Pa Nu Papia Kriolu 3_Partie5.pdf; Pa Nu Papia Kriolu 3_Partie8.pdf; Pa Nu Papia Kriolu 3_Partie9.pdf"
"portu",4,"Pa Nu Papia Kriolu 3_Partie1.pdf; Pa Nu Papia Kriolu 3_Partie4.pdf; Pa Nu Papia Kriolu 3_Partie7.pdf; Pa Nu Papia Kriolu 3_Partie9.pdf"
"com",4,"Pa Nu Papia Kriolu 3_Partie1.pdf; Pa Nu Papia Kriolu 3_Partie7.pdf; Pa Nu Papia Kriolu 3_Partie8.pdf; Pa Nu Papia Kriolu 3_Partie9.pdf"
"papada",4,"Pa Nu Papia Kriolu 3_Partie1.pdf; Pa Nu Papia Kriolu 3_Partie3.pdf; Pa Nu Papia Kriolu 3_Partie8.pdf; Pa Nu Papia Kriolu 3_Partie9.pdf"
"dadu",4,"Pa Nu Papia Kriolu 3_Partie1.pdf; Pa Nu Papia Kriolu 3_Partie3.pdf; Pa Nu Papia Kriolu 3_Partie6.pdf; Pa Nu Papia Kriolu 3_Partie7.pdf"
"setimu",4,"Pa Nu Papia Kriolu 3_Partie1.pdf; Pa Nu Papia Kriolu 3_Partie10.pdf; Pa Nu Papia Kriolu 3_Partie3.pdf; Pa Nu Papia Kriolu 3_Partie9.pdf"
"dezasais",4,"Pa Nu Papia Kriolu 3_Partie1.pdf; Pa Nu Papia Kriolu 3_Partie10.pdf; Pa Nu Papia Kriolu 3_Partie3.pdf; Pa Nu Papia Kriolu 3_Partie8.pdf"
"dezaseti",4,"Pa Nu Papia Kriolu 3_Partie1.pdf; Pa Nu Papia Kriolu 3_Partie10.pdf; Pa Nu Papia Kriolu 3_Partie3.pdf; Pa Nu Papia Kriolu 3_Partie8.pdf"
"korenta",4,"Pa Nu Papia Kriolu 3_Partie1.pdf; Pa Nu Papia Kriolu 3_Partie3.pdf; Pa Nu Papia Kriolu 3_Partie8.pdf; Pa Nu Papia Kriolu 3_Partie9.pdf"
"sinkuenta",4,"Pa Nu Papia Kriolu 3_Partie1.pdf; Pa Nu Papia Kriolu 3_Partie3.pdf; Pa Nu Papia Kriolu 3_Partie5.pdf; Pa Nu Papia Kriolu 3_Partie9.pdf"
"setenta",4,"Pa Nu Papia Kriolu 3_Partie1.pdf; Pa Nu Papia Kriolu 3_Partie10.pdf; Pa Nu Papia Kriolu 3_Partie3.pdf; Pa Nu Papia Kriolu 3_Partie9.pdf"
"oitenta",4,"Pa Nu Papia Kriolu 3_Partie1.pdf; Pa Nu Papia Kriolu 3_Partie3.pdf; Pa Nu Papia Kriolu 3_Partie8.pdf; Pa Nu Papia Kriolu 3_Partie9.pdf"
"noventa",4,"Pa Nu Papia Kriolu 3_Partie1.pdf; Pa Nu Papia Kriolu 3_Partie3.pdf; Pa Nu Papia Kriolu 3_Partie8.pdf; Pa Nu Papia Kriolu 3_Partie9.pdf"
"sabadu",4,"Pa Nu Papia Kriolu 3_Partie1.pdf; Pa Nu Papia Kriolu 3_Partie10.pdf; Pa Nu Papia Kriolu 3_Partie3.pdf; Pa Nu Papia Kriolu 3_Partie4.pdf"
"nuvenbru",4,"Pa Nu Papia Kriolu 3_Partie1.pdf; Pa Nu Papia Kriolu 3_Partie6.pdf; Pa Nu Papia Kriolu 3_Partie8.pdf; Pa Nu Papia Kriolu 3_Partie9.pdf"
"dizenbru",4,"Pa Nu Papia Kriolu 3_Partie1.pdf; Pa Nu Papia Kriolu 3_Partie3.pdf; Pa Nu Papia Kriolu 3_Partie5.pdf; Pa Nu Papia Kriolu 3_Partie9.pdf"
"edukadu",4,"Pa Nu Papia Kriolu 3_Partie1.pdf; Pa Nu Papia Kriolu 3_Partie2.pdf; Pa Nu Papia Kriolu 3_Partie8.pdf; Pa Nu Papia Kriolu 3_Partie9.pdf"
"koitadu",4,"Pa Nu Papia Kriolu 3_Partie1.pdf; Pa Nu Papia Kriolu 3_Partie7.pdf; Pa Nu Papia Kriolu 3_Partie8.pdf; Pa Nu Papia Kriolu 3_Partie9.pdf"
"lima",4,"Pa Nu Papia Kriolu 3_Partie1.pdf; Pa Nu Papia Kriolu 3_Partie4.pdf; Pa Nu Papia Kriolu 3_Partie8.pdf; Pa Nu Papia Kriolu 3_Partie9.pdf"
"peru",4,"Pa Nu Papia Kriolu 3_Partie1.pdf; Pa Nu Papia Kriolu 3_Partie10.pdf; Pa Nu Papia Kriolu 3_Partie7.pdf; Pa Nu Papia Kriolu 3_Partie9.pdf"
"pork",4,"Pa Nu Papia Kriolu 3_Partie1.pdf; Pa Nu Papia Kriolu 3_Partie4.pdf; Pa Nu Papia Kriolu 3_Partie8.pdf; Pa Nu Papia Kriolu 3_Partie9.pdf"
"ala",4,"Pa Nu Papia Kriolu 3_Partie1.pdf; Pa Nu Papia Kriolu 3_Partie4.pdf; Pa Nu Papia Kriolu 3_Partie8.pdf; Pa Nu Papia Kriolu 3_Partie9.pdf"
"dentu",4,"Pa Nu Papia Kriolu 3_Partie1.pdf; Pa Nu Papia Kriolu 3_Partie4.pdf; Pa Nu Papia Kriolu 3_Partie6.pdf; Pa Nu Papia Kriolu 3_Partie7.pdf"
"retum",4,"Pa Nu Papia Kriolu 3_Partie1.pdf; Pa Nu Papia Kriolu 3_Partie10.pdf; Pa Nu Papia Kriolu 3_Partie8.pdf; Pa Nu Papia Kriolu 3_Partie9.pdf"
"prontu",4,"Pa Nu Papia Kriolu 3_Partie10.pdf; Pa Nu Papia Kriolu 3_Partie4.pdf; Pa Nu Papia Kriolu 3_Partie7.pdf; Pa Nu Papia Kriolu 3_Partie9.pdf"
"real",4,"Pa Nu Papia Kriolu 3_Partie10.pdf; Pa Nu Papia Kriolu 3_Partie3.pdf; Pa Nu Papia Kriolu 3_Partie6.pdf; Pa Nu Papia Kriolu 3_Partie9.pdf"
"recent",4,"Pa Nu Papia Kriolu 3_Partie10.pdf; Pa Nu Papia Kriolu 3_Partie4.pdf; Pa Nu Papia Kriolu 3_Partie6.pdf; Pa Nu Papia Kriolu 3_Partie9.pdf"
"sea",4,"Pa Nu Papia Kriolu 3_Partie10.pdf; Pa Nu Papia Kriolu 3_Partie5.pdf; Pa Nu Papia Kriolu 3_Partie8.pdf; Pa Nu Papia Kriolu 3_Partie9.pdf"
"ralasiona",4,"Pa Nu Papia Kriolu 3_Partie10.pdf; Pa Nu Papia Kriolu 3_Partie6.pdf; Pa Nu Papia Kriolu 3_Partie8.pdf; Pa Nu Papia Kriolu 3_Partie9.pdf"
"panela",4,"Pa Nu Papia Kriolu 3_Partie10.pdf; Pa Nu Papia Kriolu 3_Partie4.pdf; Pa Nu Papia Kriolu 3_Partie7.pdf; Pa Nu Papia Kriolu 3_Partie8.pdf"
"remove",4,"Pa Nu Papia Kriolu 3_Partie10.pdf; Pa Nu Papia Kriolu 3_Partie4.pdf; Pa Nu Papia Kriolu 3_Partie7.pdf; Pa Nu Papia Kriolu 3_Partie8.pdf"
"rezidi",4,"Pa Nu Papia Kriolu 3_Partie10.pdf; Pa Nu Papia Kriolu 3_Partie6.pdf; Pa Nu Papia Kriolu 3_Partie8.pdf; Pa Nu Papia Kriolu 3_Partie9.pdf"
"trosa",4,"Pa Nu Papia Kriolu 3_Partie10.pdf; Pa Nu Papia Kriolu 3_Partie7.pdf; Pa Nu Papia Kriolu 3_Partie8.pdf; Pa Nu Papia Kriolu 3_Partie9.pdf"
"kremi",4,"Pa Nu Papia Kriolu 3_Partie10.pdf; Pa Nu Papia Kriolu 3_Partie3.pdf; Pa Nu Papia Kriolu 3_Partie6.pdf; Pa Nu Papia Kriolu 3_Partie8.pdf"
"banda",4,"Pa Nu Papia Kriolu 3_Partie10.pdf; Pa Nu Papia Kriolu 3_Partie5.pdf; Pa Nu Papia Kriolu 3_Partie7.pdf; Pa Nu Papia Kriolu 3_Partie8.pdf"
"fuma",4,"Pa Nu Papia Kriolu 3_Partie10.pdf; Pa Nu Papia Kriolu 3_Partie6.pdf; Pa Nu Papia Kriolu 3_Partie7.pdf; Pa Nu Papia Kriolu 3_Partie8.pdf"
"nevi",4,"Pa Nu Papia Kriolu 3_Partie10.pdf; Pa Nu Papia Kriolu 3_Partie3.pdf; Pa Nu Papia Kriolu 3_Partie6.pdf; Pa Nu Papia Kriolu 3_Partie8.pdf"
"trotxada",4,"Pa Nu Papia Kriolu 3_Partie10.pdf; Pa Nu Papia Kriolu 3_Partie7.pdf; Pa Nu Papia Kriolu 3_Partie8.pdf; Pa Nu Papia Kriolu 3_Partie9.pdf"
"primavera",4,"Pa Nu Papia Kriolu 3_Partie10.pdf; Pa Nu Papia Kriolu 3_Partie4.pdf; Pa Nu Papia Kriolu 3_Partie6.pdf; Pa Nu Papia Kriolu 3_Partie9.pdf"
"komesa",4,"Pa Nu Papia Kriolu 3_Partie10.pdf; Pa Nu Papia Kriolu 3_Partie6.pdf; Pa Nu Papia Kriolu 3_Partie7.pdf; Pa Nu Papia Kriolu 3_Partie8.pdf"
"kumesa",4,"Pa Nu Papia Kriolu 3_Partie10.pdf; Pa Nu Papia Kriolu 3_Partie6.pdf; Pa Nu Papia Kriolu 3_Partie8.pdf; Pa Nu Papia Kriolu 3_Partie9.pdf"
"inisia",4,"Pa Nu Papia Kriolu 3_Partie10.pdf; Pa Nu Papia Kriolu 3_Partie6.pdf; Pa Nu Papia Kriolu 3_Partie8.pdf; Pa Nu Papia Kriolu 3_Partie9.pdf"
"tea",4,"Pa Nu Papia Kriolu 3_Partie10.pdf; Pa Nu Papia Kriolu 3_Partie4.pdf; Pa Nu Papia Kriolu 3_Partie8.pdf; Pa Nu Papia Kriolu 3_Partie9.pdf"
"xina",4,"Pa Nu Papia Kriolu 3_Partie10.pdf; Pa Nu Papia Kriolu 3_Partie5.pdf; Pa Nu Papia Kriolu 3_Partie8.pdf; Pa Nu Papia Kriolu 3_Partie9.pdf"
"toe",4,"Pa Nu Papia Kriolu 3_Partie10.pdf; Pa Nu Papia Kriolu 3_Partie3.pdf; Pa Nu Papia Kriolu 3_Partie8.pdf; Pa Nu Papia Kriolu 3_Partie9.pdf"
"linha",4,"Pa Nu Papia Kriolu 3_Partie10.pdf; Pa Nu Papia Kriolu 3_Partie5.pdf; Pa Nu Papia Kriolu 3_Partie8.pdf; Pa Nu Papia Kriolu 3_Partie9.pdf"
"vagina",4,"Pa Nu Papia Kriolu 3_Partie10.pdf; Pa Nu Papia Kriolu 3_Partie3.pdf; Pa Nu Papia Kriolu 3_Partie8.pdf; Pa Nu Papia Kriolu 3_Partie9.pdf"
"interpreta",4,"Pa Nu Papia Kriolu 3_Partie10.pdf; Pa Nu Papia Kriolu 3_Partie2.pdf; Pa Nu Papia Kriolu 3_Partie8.pdf; Pa Nu Papia Kriolu 3_Partie9.pdf"
"robeka",4,"Pa Nu Papia Kriolu 3_Partie10.pdf; Pa Nu Papia Kriolu 3_Partie4.pdf; Pa Nu Papia Kriolu 3_Partie6.pdf; Pa Nu Papia Kriolu 3_Partie9.pdf"
"korda",4,"Pa Nu Papia Kriolu 3_Partie10.pdf; Pa Nu Papia Kriolu 3_Partie3.pdf; Pa Nu Papia Kriolu 3_Partie7.pdf; Pa Nu Papia Kriolu 3_Partie8.pdf"
"anda",4,"Pa Nu Papia Kriolu 3_Partie10.pdf; Pa Nu Papia Kriolu 3_Partie5.pdf; Pa Nu Papia Kriolu 3_Partie7.pdf; Pa Nu Papia Kriolu 3_Partie8.pdf"
"disfaze",4,"Pa Nu Papia Kriolu 3_Partie10.pdf; Pa Nu Papia Kriolu 3_Partie6.pdf; Pa Nu Papia Kriolu 3_Partie7.pdf; Pa Nu Papia Kriolu 3_Partie8.pdf"
"rikeza",4,"Pa Nu Papia Kriolu 3_Partie10.pdf; Pa Nu Papia Kriolu 3_Partie6.pdf; Pa Nu Papia Kriolu 3_Partie7.pdf; Pa Nu Papia Kriolu 3_Partie9.pdf"
"sen",4,"Pa Nu Papia Kriolu 3_Partie10.pdf; Pa Nu Papia Kriolu 3_Partie5.pdf; Pa Nu Papia Kriolu 3_Partie7.pdf; Pa Nu Papia Kriolu 3_Partie9.pdf"
"uzadu",4,"Pa Nu Papia Kriolu 3_Partie10.pdf; Pa Nu Papia Kriolu 3_Partie2.pdf; Pa Nu Papia Kriolu 3_Partie6.pdf; Pa Nu Papia Kriolu 3_Partie7.pdf"
"pior",4,"Pa Nu Papia Kriolu 3_Partie10.pdf; Pa Nu Papia Kriolu 3_Partie6.pdf; Pa Nu Papia Kriolu 3_Partie7.pdf; Pa Nu Papia Kriolu 3_Partie9.pdf"
"sanha",4,"Pa Nu Papia Kriolu 3_Partie10.pdf; Pa Nu Papia Kriolu 3_Partie7.pdf; Pa Nu Papia Kriolu 3_Partie8.pdf; Pa Nu Papia Kriolu 3_Partie9.pdf"
"anhos",4,"Pa Nu Papia Kriolu 3_Partie10.pdf; Pa Nu Papia Kriolu 3_Partie3.pdf; Pa Nu Papia Kriolu 3_Partie5.pdf; Pa Nu Papia Kriolu 3_Partie8.pdf"
"forma",4,"Pa Nu Papia Kriolu 3_Partie10.pdf; Pa Nu Papia Kriolu 3_Partie2.pdf; Pa Nu Papia Kriolu 3_Partie6.pdf; Pa Nu Papia Kriolu 3_Partie7.pdf"
"barlaventu",4,"Pa Nu Papia Kriolu 3_Partie10.pdf; Pa Nu Papia Kriolu 3_Partie5.pdf; Pa Nu Papia Kriolu 3_Partie6.pdf; Pa Nu Papia Kriolu 3_Partie8.pdf"
"invemu",4,"Pa Nu Papia Kriolu 3_Partie10.pdf; Pa Nu Papia Kriolu 3_Partie4.pdf; Pa Nu Papia Kriolu 3_Partie6.pdf; Pa Nu Papia Kriolu 3_Partie8.pdf"
"medu",4,"Pa Nu Papia Kriolu 3_Partie2.pdf; Pa Nu Papia Kriolu 3_Partie7.pdf; Pa Nu Papia Kriolu 3_Partie8.pdf; Pa Nu Papia Kriolu 3_Partie9.pdf"
"gordu",4,"Pa Nu Papia Kriolu 3_Partie2.pdf; Pa Nu Papia Kriolu 3_Partie5.pdf; Pa Nu Papia Kriolu 3_Partie8.pdf; Pa Nu Papia Kriolu 3_Partie9.pdf"
"intelijenti",4,"Pa Nu Papia Kriolu 3_Partie2.pdf; Pa Nu Papia Kriolu 3_Partie5.pdf; Pa Nu Papia Kriolu 3_Partie8.pdf; Pa Nu Papia Kriolu 3_Partie9.pdf"
"intelligent",4,"Pa Nu Papia Kriolu 3_Partie2.pdf; Pa Nu Papia Kriolu 3_Partie5.pdf; Pa Nu Papia Kriolu 3_Partie8.pdf; Pa Nu Papia Kriolu 3_Partie9.pdf"
"person",4,"Pa Nu Papia Kriolu 3_Partie2.pdf; Pa Nu Papia Kriolu 3_Partie5.pdf; Pa Nu Papia Kriolu 3_Partie8.pdf; Pa Nu Papia Kriolu 3_Partie9.pdf"
"mariadu",4,"Pa Nu Papia Kriolu 3_Partie2.pdf; Pa Nu Papia Kriolu 3_Partie3.pdf; Pa Nu Papia Kriolu 3_Partie8.pdf; Pa Nu Papia Kriolu 3_Partie9.pdf"
"owe",4,"Pa Nu Papia Kriolu 3_Partie2.pdf; Pa Nu Papia Kriolu 3_Partie7.pdf; Pa Nu Papia Kriolu 3_Partie8.pdf; Pa Nu Papia Kriolu 3_Partie9.pdf"
"xefi",4,"Pa Nu Papia Kriolu 3_Partie2.pdf; Pa Nu Papia Kriolu 3_Partie4.pdf; Pa Nu Papia Kriolu 3_Partie7.pdf; Pa Nu Papia Kriolu 3_Partie9.pdf"
"festa",4,"Pa Nu Papia Kriolu 3_Partie2.pdf; Pa Nu Papia Kriolu 3_Partie4.pdf; Pa Nu Papia Kriolu 3_Partie6.pdf; Pa Nu Papia Kriolu 3_Partie7.pdf"
"responde",4,"Pa Nu Papia Kriolu 3_Partie2.pdf; Pa Nu Papia Kriolu 3_Partie3.pdf; Pa Nu Papia Kriolu 3_Partie6.pdf; Pa Nu Papia Kriolu 3_Partie7.pdf"
"profesor",4,"Pa Nu Papia Kriolu 3_Partie2.pdf; Pa Nu Papia Kriolu 3_Partie3.pdf; Pa Nu Papia Kriolu 3_Partie4.pdf; Pa Nu Papia Kriolu 3_Partie5.pdf"
"pasadu",4,"Pa Nu Papia Kriolu 3_Partie3.pdf; Pa Nu Papia Kriolu 3_Partie4.pdf; Pa Nu Papia Kriolu 3_Partie5.pdf; Pa Nu Papia Kriolu 3_Partie7.pdf"
"almosa",4,"Pa Nu Papia Kriolu 3_Partie3.pdf; Pa Nu Papia Kriolu 3_Partie7.pdf; Pa Nu Papia Kriolu 3_Partie8.pdf; Pa Nu Papia Kriolu 3_Partie9.pdf"
"ospital",4,"Pa Nu Papia Kriolu 3_Partie3.pdf; Pa Nu Papia Kriolu 3_Partie4.pdf; Pa Nu Papia Kriolu 3_Partie8.pdf; Pa Nu Papia Kriolu 3_Partie9.pdf"
"dodu",4,"Pa Nu Papia Kriolu 3_Partie3.pdf; Pa Nu Papia Kriolu 3_Partie4.pdf; Pa Nu Papia Kriolu 3_Partie8.pdf; Pa Nu Papia Kriolu 3_Partie9.pdf"
"palma",4,"Pa Nu Papia Kriolu 3_Partie3.pdf; Pa Nu Papia Kriolu 3_Partie7.pdf; Pa Nu Papia Kriolu 3_Partie8.pdf; Pa Nu Papia Kriolu 3_Partie9.pdf"
"ear",4,"Pa Nu Papia Kriolu 3_Partie3.pdf; Pa Nu Papia Kriolu 3_Partie7.pdf; Pa Nu Papia Kriolu 3_Partie8.pdf; Pa Nu Papia Kriolu 3_Partie9.pdf"
"kema",4,"Pa Nu Papia Kriolu 3_Partie3.pdf; Pa Nu Papia Kriolu 3_Partie7.pdf; Pa Nu Papia Kriolu 3_Partie8.pdf; Pa Nu Papia Kriolu 3_Partie9.pdf"
"kunpridu",4,"Pa Nu Papia Kriolu 3_Partie3.pdf; Pa Nu Papia Kriolu 3_Partie7.pdf; Pa Nu Papia Kriolu 3_Partie8.pdf; Pa Nu Papia Kriolu 3_Partie9.pdf"
"lindu",4,"Pa Nu Papia Kriolu 3_Partie3.pdf; Pa Nu Papia Kriolu 3_Partie5.pdf; Pa Nu Papia Kriolu 3_Partie8.pdf; Pa Nu Papia Kriolu 3_Partie9.pdf"
"fiu",4,"Pa Nu Papia Kriolu 3_Partie3.pdf; Pa Nu Papia Kriolu 3_Partie5.pdf; Pa Nu Papia Kriolu 3_Partie8.pdf; Pa Nu Papia Kriolu 3_Partie9.pdf"
"intend",4,"Pa Nu Papia Kriolu 3_Partie3.pdf; Pa Nu Papia Kriolu 3_Partie7.pdf; Pa Nu Papia Kriolu 3_Partie8.pdf; Pa Nu Papia Kriolu 3_Partie9.pdf"
"bida",4,"Pa Nu Papia Kriolu 3_Partie4.pdf; Pa Nu Papia Kriolu 3_Partie7.pdf; Pa Nu Papia Kriolu 3_Partie8.pdf; Pa Nu Papia Kriolu 3_Partie9.pdf"
"makina",4,"Pa Nu Papia Kriolu 3_Partie4.pdf; Pa Nu Papia Kriolu 3_Partie5.pdf; Pa Nu Papia Kriolu 3_Partie8.pdf; Pa Nu Papia Kriolu 3_Partie9.pdf"
"ganha",4,"Pa Nu Papia Kriolu 3_Partie4.pdf; Pa Nu Papia Kriolu 3_Partie7.pdf; Pa Nu Papia Kriolu 3_Partie8.pdf; Pa Nu Papia Kriolu 3_Partie9.pdf"
"monda",4,"Pa Nu Papia Kriolu 3_Partie4.pdf; Pa Nu Papia Kriolu 3_Partie6.pdf; Pa Nu Papia Kriolu 3_Partie8.pdf; Pa Nu Papia Kriolu 3_Partie9.pdf"
"mundu",4,"Pa Nu Papia Kriolu 3_Partie4.pdf; Pa Nu Papia Kriolu 3_Partie5.pdf; Pa Nu Papia Kriolu 3_Partie6.pdf; Pa Nu Papia Kriolu 3_Partie7.pdf"
"desire",4,"Pa Nu Papia Kriolu 3_Partie4.pdf; Pa Nu Papia Kriolu 3_Partie7.pdf; Pa Nu Papia Kriolu 3_Partie8.pdf; Pa Nu Papia Kriolu 3_Partie9.pdf"
"dish",4,"Pa Nu Papia Kriolu 3_Partie4.pdf; Pa Nu Papia Kriolu 3_Partie6.pdf; Pa Nu Papia Kriolu 3_Partie8.pdf; Pa Nu Papia Kriolu 3_Partie9.pdf"
"tanbor",4,"Pa Nu Papia Kriolu 3_Partie4.pdf; Pa Nu Papia Kriolu 3_Partie6.pdf; Pa Nu Papia Kriolu 3_Partie7.pdf; Pa Nu Papia Kriolu 3_Partie9.pdf"
"kortadu",4,"Pa Nu Papia Kriolu 3_Partie4.pdf; Pa Nu Papia Kriolu 3_Partie6.pdf; Pa Nu Papia Kriolu 3_Partie8.pdf; Pa Nu Papia Kriolu 3_Partie9.pdf"
"senpri",4,"Pa Nu Papia Kriolu 3_Partie4.pdf; Pa Nu Papia Kriolu 3_Partie6.pdf; Pa Nu Papia Kriolu 3_Partie7.pdf; Pa Nu Papia Kriolu 3_Partie9.pdf"
"inkumenda",4,"Pa Nu Papia Kriolu 3_Partie4.pdf; Pa Nu Papia Kriolu 3_Partie5.pdf; Pa Nu Papia Kriolu 3_Partie8.pdf; Pa Nu Papia Kriolu 3_Partie9.pdf"
"pena",4,"Pa Nu Papia Kriolu 3_Partie5.pdf; Pa Nu Papia Kriolu 3_Partie7.pdf; Pa Nu Papia Kriolu 3_Partie8.pdf; Pa Nu Papia Kriolu 3_Partie9.pdf"
"ruma",4,"Pa Nu Papia Kriolu 3_Partie5.pdf; Pa Nu Papia Kriolu 3_Partie7.pdf; Pa Nu Papia Kriolu 3_Partie8.pdf; Pa Nu Papia Kriolu 3_Partie9.pdf"
"letra",4,"Pa Nu Papia Kriolu 3_Partie5.pdf; Pa Nu Papia Kriolu 3_Partie6.pdf; Pa Nu Papia Kriolu 3_Partie8.pdf; Pa Nu Papia Kriolu 3_Partie9.pdf"
"azagua",4,"Pa Nu Papia Kriolu 3_Partie5.pdf; Pa Nu Papia Kriolu 3_Partie7.pdf; Pa Nu Papia Kriolu 3_Partie8.pdf; Pa Nu Papia Kriolu 3_Partie9.pdf"
"interesanti",4,"Pa Nu Papia Kriolu 3_Partie5.pdf; Pa Nu Papia Kriolu 3_Partie7.pdf; Pa Nu Papia Kriolu 3_Partie8.pdf; Pa Nu Papia Kriolu 3_Partie9.pdf"
"montanha",4,"Pa Nu Papia Kriolu 3_Partie5.pdf; Pa Nu Papia Kriolu 3_Partie6.pdf; Pa Nu Papia Kriolu 3_Partie8.pdf; Pa Nu Papia Kriolu 3_Partie9.pdf"
"maior",4,"Pa Nu Papia Kriolu 3_Partie5.pdf; Pa Nu Papia Kriolu 3_Partie7.pdf; Pa Nu Papia Kriolu 3_Partie8.pdf; Pa Nu Papia Kriolu 3_Partie9.pdf"
"imaji",4,"Pa Nu Papia Kriolu 3_Partie5.pdf; Pa Nu Papia Kriolu 3_Partie6.pdf; Pa Nu Papia Kriolu 3_Partie8.pdf; Pa Nu Papia Kriolu 3_Partie9.pdf"
"likidu",4,"Pa Nu Papia Kriolu 3_Partie5.pdf; Pa Nu Papia Kriolu 3_Partie6.pdf; Pa Nu Papia Kriolu 3_Partie8.pdf; Pa Nu Papia Kriolu 3_Partie9.pdf"
"boi",4,"Pa Nu Papia Kriolu 3_Partie5.pdf; Pa Nu Papia Kriolu 3_Partie6.pdf; Pa Nu Papia Kriolu 3_Partie8.pdf; Pa Nu Papia Kriolu 3_Partie9.pdf"
"guarda",4,"Pa Nu Papia Kriolu 3_Partie5.pdf; Pa Nu Papia Kriolu 3_Partie6.pdf; Pa Nu Papia Kriolu 3_Partie8.pdf; Pa Nu Papia Kriolu 3_Partie9.pdf"
"bua",4,"Pa Nu Papia Kriolu 3_Partie5.pdf; Pa Nu Papia Kriolu 3_Partie7.pdf; Pa Nu Papia Kriolu 3_Partie8.pdf; Pa Nu Papia Kriolu 3_Partie9.pdf"
"lua",4,"Pa Nu Papia Kriolu 3_Partie6.pdf; Pa Nu Papia Kriolu 3_Partie7.pdf; Pa Nu Papia Kriolu 3_Partie8.pdf; Pa Nu Papia Kriolu 3_Partie9.pdf"
"menina",4,"Pa Nu Papia Kriolu 3_Partie6.pdf; Pa Nu Papia Kriolu 3_Partie7.pdf; Pa Nu Papia Kriolu 3_Partie8.pdf; Pa Nu Papia Kriolu 3_Partie9.pdf"
"aspetu",4,"Pa Nu Papia Kriolu 3_Partie6.pdf; Pa Nu Papia Kriolu 3_Partie7.pdf; Pa Nu Papia Kriolu 3_Partie8.pdf; Pa Nu Papia Kriolu 3_Partie9.pdf"
"panha",4,"Pa Nu Papia Kriolu 3_Partie6.pdf; Pa Nu Papia Kriolu 3_Partie7.pdf; Pa Nu Papia Kriolu 3_Partie8.pdf; Pa Nu Papia Kriolu 3_Partie9.pdf"
"dekada",4,"Pa Nu Papia Kriolu 3_Partie6.pdf; Pa Nu Papia Kriolu 3_Partie7.pdf; Pa Nu Papia Kriolu 3_Partie8.pdf; Pa Nu Papia Kriolu 3_Partie9.pdf"
"arma",4,"Pa Nu Papia Kriolu 3_Partie6.pdf; Pa Nu Papia Kriolu 3_Partie7.pdf; Pa Nu Papia Kriolu 3_Partie8.pdf; Pa Nu Papia Kriolu 3_Partie9.pdf"
"boresidu",3,"Pa Nu Papia Kriolu 3_Partie1.pdf; Pa Nu Papia Kriolu 3_Partie8.pdf; Pa Nu Papia Kriolu 3_Partie9.pdf"
"zangadu",3,"Pa Nu Papia Kriolu 3_Partie1.pdf; Pa Nu Papia Kriolu 3_Partie2.pdf; Pa Nu Papia Kriolu 3_Partie9.pdf"
"xatiadu",3,"Pa Nu Papia Kriolu 3_Partie1.pdf; Pa Nu Papia Kriolu 3_Partie2.pdf; Pa Nu Papia Kriolu 3_Partie9.pdf"
"trabadjador",3,"Pa Nu Papia Kriolu 3_Partie1.pdf; Pa Nu Papia Kriolu 3_Partie3.pdf; Pa Nu Papia Kriolu 3_Partie7.pdf"
"honor",3,"Pa Nu Papia Kriolu 3_Partie1.pdf; Pa Nu Papia Kriolu 3_Partie8.pdf; Pa Nu Papia Kriolu 3_Partie9.pdf"
"kuma",3,"Pa Nu Papia Kriolu 3_Partie1.pdf; Pa Nu Papia Kriolu 3_Partie5.pdf; Pa Nu Papia Kriolu 3_Partie8.pdf"
"pronoun",3,"Pa Nu Papia Kriolu 3_Partie1.pdf; Pa Nu Papia Kriolu 3_Partie2.pdf; Pa Nu Papia Kriolu 3_Partie3.pdf"
"flor",3,"Pa Nu Papia Kriolu 3_Partie1.pdf; Pa Nu Papia Kriolu 3_Partie4.pdf; Pa Nu Papia Kriolu 3_Partie5.pdf"
"duzentus",3,"Pa Nu Papia Kriolu 3_Partie1.pdf; Pa Nu Papia Kriolu 3_Partie10.pdf; Pa Nu Papia Kriolu 3_Partie8.pdf"
"trezentus",3,"Pa Nu Papia Kriolu 3_Partie1.pdf; Pa Nu Papia Kriolu 3_Partie10.pdf; Pa Nu Papia Kriolu 3_Partie9.pdf"
"saisentus",3,"Pa Nu Papia Kriolu 3_Partie1.pdf; Pa Nu Papia Kriolu 3_Partie10.pdf; Pa Nu Papia Kriolu 3_Partie9.pdf"
"setisentus",3,"Pa Nu Papia Kriolu 3_Partie1.pdf; Pa Nu Papia Kriolu 3_Partie10.pdf; Pa Nu Papia Kriolu 3_Partie9.pdf"
"novisentus",3,"Pa Nu Papia Kriolu 3_Partie1.pdf; Pa Nu Papia Kriolu 3_Partie8.pdf; Pa Nu Papia Kriolu 3_Partie9.pdf"
"substitute",3,"Pa Nu Papia Kriolu 3_Partie1.pdf; Pa Nu Papia Kriolu 3_Partie2.pdf; Pa Nu Papia Kriolu 3_Partie3.pdf"
"sesta-fera",3,"Pa Nu Papia Kriolu 3_Partie1.pdf; Pa Nu Papia Kriolu 3_Partie3.pdf; Pa Nu Papia Kriolu 3_Partie9.pdf"
"sentenbru",3,"Pa Nu Papia Kriolu 3_Partie1.pdf; Pa Nu Papia Kriolu 3_Partie10.pdf; Pa Nu Papia Kriolu 3_Partie9.pdf"
"distinu",3,"Pa Nu Papia Kriolu 3_Partie1.pdf; Pa Nu Papia Kriolu 3_Partie8.pdf; Pa Nu Papia Kriolu 3_Partie9.pdf"
"miodu",3,"Pa Nu Papia Kriolu 3_Partie1.pdf; Pa Nu Papia Kriolu 3_Partie5.pdf; Pa Nu Papia Kriolu 3_Partie8.pdf"
"cardoso",3,"Pa Nu Papia Kriolu 3_Partie1.pdf; Pa Nu Papia Kriolu 3_Partie2.pdf; Pa Nu Papia Kriolu 3_Partie7.pdf"
"destiny",3,"Pa Nu Papia Kriolu 3_Partie1.pdf; Pa Nu Papia Kriolu 3_Partie8.pdf; Pa Nu Papia Kriolu 3_Partie9.pdf"
"regards",3,"Pa Nu Papia Kriolu 3_Partie1.pdf; Pa Nu Papia Kriolu 3_Partie10.pdf; Pa Nu Papia Kriolu 3_Partie8.pdf"
"amendua",3,"Pa Nu Papia Kriolu 3_Partie1.pdf; Pa Nu Papia Kriolu 3_Partie8.pdf; Pa Nu Papia Kriolu 3_Partie9.pdf"
"fileti",3,"Pa Nu Papia Kriolu 3_Partie1.pdf; Pa Nu Papia Kriolu 3_Partie8.pdf; Pa Nu Papia Kriolu 3_Partie9.pdf"
"bedja",3,"Pa Nu Papia Kriolu 3_Partie1.pdf; Pa Nu Papia Kriolu 3_Partie7.pdf; Pa Nu Papia Kriolu 3_Partie9.pdf"
"tanjirina",3,"Pa Nu Papia Kriolu 3_Partie1.pdf; Pa Nu Papia Kriolu 3_Partie10.pdf; Pa Nu Papia Kriolu 3_Partie9.pdf"
"kogumelu",3,"Pa Nu Papia Kriolu 3_Partie1.pdf; Pa Nu Papia Kriolu 3_Partie8.pdf; Pa Nu Papia Kriolu 3_Partie9.pdf"
"kastanha",3,"Pa Nu Papia Kriolu 3_Partie1.pdf; Pa Nu Papia Kriolu 3_Partie8.pdf; Pa Nu Papia Kriolu 3_Partie9.pdf"
"bananas",3,"Pa Nu Papia Kriolu 3_Partie1.pdf; Pa Nu Papia Kriolu 3_Partie8.pdf; Pa Nu Papia Kriolu 3_Partie9.pdf"
"kostuleta",3,"Pa Nu Papia Kriolu 3_Partie1.pdf; Pa Nu Papia Kriolu 3_Partie8.pdf; Pa Nu Papia Kriolu 3_Partie9.pdf"
"pagador",3,"Pa Nu Papia Kriolu 3_Partie1.pdf; Pa Nu Papia Kriolu 3_Partie8.pdf; Pa Nu Papia Kriolu 3_Partie9.pdf"
"produtu",3,"Pa Nu Papia Kriolu 3_Partie1.pdf; Pa Nu Papia Kriolu 3_Partie6.pdf; Pa Nu Papia Kriolu 3_Partie9.pdf"
"dispidida",3,"Pa Nu Papia Kriolu 3_Partie1.pdf; Pa Nu Papia Kriolu 3_Partie8.pdf; Pa Nu Papia Kriolu 3_Partie9.pdf"
"die",3,"Pa Nu Papia Kriolu 3_Partie1.pdf; Pa Nu Papia Kriolu 3_Partie8.pdf; Pa Nu Papia Kriolu 3_Partie9.pdf"
"seku",3,"Pa Nu Papia Kriolu 3_Partie10.pdf; Pa Nu Papia Kriolu 3_Partie4.pdf; Pa Nu Papia Kriolu 3_Partie6.pdf"
"sagradu",3,"Pa Nu Papia Kriolu 3_Partie10.pdf; Pa Nu Papia Kriolu 3_Partie6.pdf; Pa Nu Papia Kriolu 3_Partie9.pdf"
"realize",3,"Pa Nu Papia Kriolu 3_Partie10.pdf; Pa Nu Papia Kriolu 3_Partie6.pdf; Pa Nu Papia Kriolu 3_Partie9.pdf"
"realiza",3,"Pa Nu Papia Kriolu 3_Partie10.pdf; Pa Nu Papia Kriolu 3_Partie6.pdf; Pa Nu Papia Kriolu 3_Partie9.pdf"
"resenti",3,"Pa Nu Papia Kriolu 3_Partie10.pdf; Pa Nu Papia Kriolu 3_Partie6.pdf; Pa Nu Papia Kriolu 3_Partie9.pdf"
"rectory",3,"Pa Nu Papia Kriolu 3_Partie10.pdf; Pa Nu Papia Kriolu 3_Partie3.pdf; Pa Nu Papia Kriolu 3_Partie8.pdf"
"kastelu",3,"Pa Nu Papia Kriolu 3_Partie10.pdf; Pa Nu Papia Kriolu 3_Partie6.pdf; Pa Nu Papia Kriolu 3_Partie8.pdf"
"refrigerator",3,"Pa Nu Papia Kriolu 3_Partie10.pdf; Pa Nu Papia Kriolu 3_Partie4.pdf; Pa Nu Papia Kriolu 3_Partie8.pdf"
"relate",3,"Pa Nu Papia Kriolu 3_Partie10.pdf; Pa Nu Papia Kriolu 3_Partie8.pdf; Pa Nu Papia Kriolu 3_Partie9.pdf"
"relative",3,"Pa Nu Papia Kriolu 3_Partie10.pdf; Pa Nu Papia Kriolu 3_Partie7.pdf; Pa Nu Papia Kriolu 3_Partie8.pdf"
"relatives",3,"Pa Nu Papia Kriolu 3_Partie10.pdf; Pa Nu Papia Kriolu 3_Partie6.pdf; Pa Nu Papia Kriolu 3_Partie8.pdf"
"rezerva",3,"Pa Nu Papia Kriolu 3_Partie10.pdf; Pa Nu Papia Kriolu 3_Partie8.pdf; Pa Nu Papia Kriolu 3_Partie9.pdf"
"distapa",3,"Pa Nu Papia Kriolu 3_Partie10.pdf; Pa Nu Papia Kriolu 3_Partie7.pdf; Pa Nu Papia Kriolu 3_Partie8.pdf"
"reside",3,"Pa Nu Papia Kriolu 3_Partie10.pdf; Pa Nu Papia Kriolu 3_Partie8.pdf; Pa Nu Papia Kriolu 3_Partie9.pdf"
"rezistensia",3,"Pa Nu Papia Kriolu 3_Partie10.pdf; Pa Nu Papia Kriolu 3_Partie6.pdf; Pa Nu Papia Kriolu 3_Partie9.pdf"
"piada",3,"Pa Nu Papia Kriolu 3_Partie10.pdf; Pa Nu Papia Kriolu 3_Partie4.pdf; Pa Nu Papia Kriolu 3_Partie9.pdf"
"resolve",3,"Pa Nu Papia Kriolu 3_Partie10.pdf; Pa Nu Papia Kriolu 3_Partie8.pdf; Pa Nu Papia Kriolu 3_Partie9.pdf"
"rekursu",3,"Pa Nu Papia Kriolu 3_Partie10.pdf; Pa Nu Papia Kriolu 3_Partie6.pdf; Pa Nu Papia Kriolu 3_Partie9.pdf"
"raspinha",3,"Pa Nu Papia Kriolu 3_Partie10.pdf; Pa Nu Papia Kriolu 3_Partie7.pdf; Pa Nu Papia Kriolu 3_Partie9.pdf"
"argolinha",3,"Pa Nu Papia Kriolu 3_Partie10.pdf; Pa Nu Papia Kriolu 3_Partie7.pdf; Pa Nu Papia Kriolu 3_Partie9.pdf"
"riu",3,"Pa Nu Papia Kriolu 3_Partie10.pdf; Pa Nu Papia Kriolu 3_Partie6.pdf; Pa Nu Papia Kriolu 3_Partie9.pdf"
"seksu",3,"Pa Nu Papia Kriolu 3_Partie10.pdf; Pa Nu Papia Kriolu 3_Partie6.pdf; Pa Nu Papia Kriolu 3_Partie9.pdf"
"beradu",3,"Pa Nu Papia Kriolu 3_Partie10.pdf; Pa Nu Papia Kriolu 3_Partie8.pdf; Pa Nu Papia Kriolu 3_Partie9.pdf"
"sinal",3,"Pa Nu Papia Kriolu 3_Partie10.pdf; Pa Nu Papia Kriolu 3_Partie7.pdf; Pa Nu Papia Kriolu 3_Partie9.pdf"
"desdi",3,"Pa Nu Papia Kriolu 3_Partie10.pdf; Pa Nu Papia Kriolu 3_Partie6.pdf; Pa Nu Papia Kriolu 3_Partie8.pdf"
"projector",3,"Pa Nu Papia Kriolu 3_Partie10.pdf; Pa Nu Papia Kriolu 3_Partie5.pdf; Pa Nu Papia Kriolu 3_Partie9.pdf"
"projetor",3,"Pa Nu Papia Kriolu 3_Partie10.pdf; Pa Nu Papia Kriolu 3_Partie5.pdf; Pa Nu Papia Kriolu 3_Partie9.pdf"
"xinelu",3,"Pa Nu Papia Kriolu 3_Partie10.pdf; Pa Nu Papia Kriolu 3_Partie3.pdf; Pa Nu Papia Kriolu 3_Partie9.pdf"
"skada",3,"Pa Nu Papia Kriolu 3_Partie10.pdf; Pa Nu Papia Kriolu 3_Partie5.pdf; Pa Nu Papia Kriolu 3_Partie9.pdf"
"askultador",3,"Pa Nu Papia Kriolu 3_Partie10.pdf; Pa Nu Papia Kriolu 3_Partie3.pdf; Pa Nu Papia Kriolu 3_Partie8.pdf"
"male",3,"Pa Nu Papia Kriolu 3_Partie10.pdf; Pa Nu Papia Kriolu 3_Partie2.pdf; Pa Nu Papia Kriolu 3_Partie8.pdf"
"brevimenti",3,"Pa Nu Papia Kriolu 3_Partie10.pdf; Pa Nu Papia Kriolu 3_Partie4.pdf; Pa Nu Papia Kriolu 3_Partie8.pdf"
"merkadi",3,"Pa Nu Papia Kriolu 3_Partie10.pdf; Pa Nu Papia Kriolu 3_Partie5.pdf; Pa Nu Papia Kriolu 3_Partie8.pdf"
"aranhas",3,"Pa Nu Papia Kriolu 3_Partie10.pdf; Pa Nu Papia Kriolu 3_Partie7.pdf; Pa Nu Papia Kriolu 3_Partie8.pdf"
"spinal",3,"Pa Nu Papia Kriolu 3_Partie10.pdf; Pa Nu Papia Kriolu 3_Partie3.pdf; Pa Nu Papia Kriolu 3_Partie8.pdf"
"riskadu",3,"Pa Nu Papia Kriolu 3_Partie10.pdf; Pa Nu Papia Kriolu 3_Partie3.pdf; Pa Nu Papia Kriolu 3_Partie9.pdf"
"susesu",3,"Pa Nu Papia Kriolu 3_Partie10.pdf; Pa Nu Papia Kriolu 3_Partie7.pdf; Pa Nu Papia Kriolu 3_Partie9.pdf"
"selu",3,"Pa Nu Papia Kriolu 3_Partie10.pdf; Pa Nu Papia Kriolu 3_Partie5.pdf; Pa Nu Papia Kriolu 3_Partie9.pdf"
"enproadu",3,"Pa Nu Papia Kriolu 3_Partie10.pdf; Pa Nu Papia Kriolu 3_Partie5.pdf; Pa Nu Papia Kriolu 3_Partie9.pdf"
"nadador",3,"Pa Nu Papia Kriolu 3_Partie10.pdf; Pa Nu Papia Kriolu 3_Partie6.pdf; Pa Nu Papia Kriolu 3_Partie8.pdf"
"tie",3,"Pa Nu Papia Kriolu 3_Partie10.pdf; Pa Nu Papia Kriolu 3_Partie6.pdf; Pa Nu Papia Kriolu 3_Partie8.pdf"
"televizon",3,"Pa Nu Papia Kriolu 3_Partie10.pdf; Pa Nu Papia Kriolu 3_Partie5.pdf; Pa Nu Papia Kriolu 3_Partie9.pdf"
"depressor",3,"Pa Nu Papia Kriolu 3_Partie10.pdf; Pa Nu Papia Kriolu 3_Partie3.pdf; Pa Nu Papia Kriolu 3_Partie9.pdf"
"trijesimu",3,"Pa Nu Papia Kriolu 3_Partie10.pdf; Pa Nu Papia Kriolu 3_Partie3.pdf; Pa Nu Papia Kriolu 3_Partie9.pdf"
"atraves",3,"Pa Nu Papia Kriolu 3_Partie10.pdf; Pa Nu Papia Kriolu 3_Partie6.pdf; Pa Nu Papia Kriolu 3_Partie8.pdf"
"ligadu",3,"Pa Nu Papia Kriolu 3_Partie10.pdf; Pa Nu Papia Kriolu 3_Partie6.pdf; Pa Nu Papia Kriolu 3_Partie8.pdf"
"infastia",3,"Pa Nu Papia Kriolu 3_Partie10.pdf; Pa Nu Papia Kriolu 3_Partie7.pdf; Pa Nu Papia Kriolu 3_Partie8.pdf"
"pertadu",3,"Pa Nu Papia Kriolu 3_Partie10.pdf; Pa Nu Papia Kriolu 3_Partie3.pdf; Pa Nu Papia Kriolu 3_Partie9.pdf"
"pineu",3,"Pa Nu Papia Kriolu 3_Partie10.pdf; Pa Nu Papia Kriolu 3_Partie7.pdf; Pa Nu Papia Kriolu 3_Partie9.pdf"
"ferramenta",3,"Pa Nu Papia Kriolu 3_Partie10.pdf; Pa Nu Papia Kriolu 3_Partie6.pdf; Pa Nu Papia Kriolu 3_Partie8.pdf"
"pega",3,"Pa Nu Papia Kriolu 3_Partie10.pdf; Pa Nu Papia Kriolu 3_Partie5.pdf; Pa Nu Papia Kriolu 3_Partie9.pdf"
"aspirador",3,"Pa Nu Papia Kriolu 3_Partie10.pdf; Pa Nu Papia Kriolu 3_Partie5.pdf; Pa Nu Papia Kriolu 3_Partie8.pdf"
"vajina",3,"Pa Nu Papia Kriolu 3_Partie10.pdf; Pa Nu Papia Kriolu 3_Partie3.pdf; Pa Nu Papia Kriolu 3_Partie9.pdf"
"vejetal",3,"Pa Nu Papia Kriolu 3_Partie10.pdf; Pa Nu Papia Kriolu 3_Partie4.pdf; Pa Nu Papia Kriolu 3_Partie9.pdf"
"translator",3,"Pa Nu Papia Kriolu 3_Partie10.pdf; Pa Nu Papia Kriolu 3_Partie2.pdf; Pa Nu Papia Kriolu 3_Partie8.pdf"
"interpreti",3,"Pa Nu Papia Kriolu 3_Partie10.pdf; Pa Nu Papia Kriolu 3_Partie8.pdf; Pa Nu Papia Kriolu 3_Partie9.pdf"
"trabesa",3,"Pa Nu Papia Kriolu 3_Partie10.pdf; Pa Nu Papia Kriolu 3_Partie6.pdf; Pa Nu Papia Kriolu 3_Partie9.pdf"
"mizerientu",3,"Pa Nu Papia Kriolu 3_Partie10.pdf; Pa Nu Papia Kriolu 3_Partie7.pdf; Pa Nu Papia Kriolu 3_Partie8.pdf"
"tronpeta",3,"Pa Nu Papia Kriolu 3_Partie10.pdf; Pa Nu Papia Kriolu 3_Partie4.pdf; Pa Nu Papia Kriolu 3_Partie9.pdf"
"tina",3,"Pa Nu Papia Kriolu 3_Partie10.pdf; Pa Nu Papia Kriolu 3_Partie4.pdf; Pa Nu Papia Kriolu 3_Partie9.pdf"
"kalsinha",3,"Pa Nu Papia Kriolu 3_Partie10.pdf; Pa Nu Papia Kriolu 3_Partie3.pdf; Pa Nu Papia Kriolu 3_Partie8.pdf"
"uza",3,"Pa Nu Papia Kriolu 3_Partie10.pdf; Pa Nu Papia Kriolu 3_Partie3.pdf; Pa Nu Papia Kriolu 3_Partie6.pdf"
"bana",3,"Pa Nu Papia Kriolu 3_Partie10.pdf; Pa Nu Papia Kriolu 3_Partie7.pdf; Pa Nu Papia Kriolu 3_Partie8.pdf"
"foi",3,"Pa Nu Papia Kriolu 3_Partie10.pdf; Pa Nu Papia Kriolu 3_Partie6.pdf; Pa Nu Papia Kriolu 3_Partie8.pdf"
"oru",3,"Pa Nu Papia Kriolu 3_Partie2.pdf; Pa Nu Papia Kriolu 3_Partie3.pdf; Pa Nu Papia Kriolu 3_Partie9.pdf"
"subject",3,"Pa Nu Papia Kriolu 3_Partie2.pdf; Pa Nu Papia Kriolu 3_Partie3.pdf; Pa Nu Papia Kriolu 3_Partie4.pdf"
"pronouns",3,"Pa Nu Papia Kriolu 3_Partie2.pdf; Pa Nu Papia Kriolu 3_Partie3.pdf; Pa Nu Papia Kriolu 3_Partie7.pdf"
"regular",3,"Pa Nu Papia Kriolu 3_Partie2.pdf; Pa Nu Papia Kriolu 3_Partie4.pdf; Pa Nu Papia Kriolu 3_Partie7.pdf"
"infinitive",3,"Pa Nu Papia Kriolu 3_Partie2.pdf; Pa Nu Papia Kriolu 3_Partie3.pdf; Pa Nu Papia Kriolu 3_Partie4.pdf"
"ingles",3,"Pa Nu Papia Kriolu 3_Partie2.pdf; Pa Nu Papia Kriolu 3_Partie4.pdf; Pa Nu Papia Kriolu 3_Partie5.pdf"
"pergunta",3,"Pa Nu Papia Kriolu 3_Partie2.pdf; Pa Nu Papia Kriolu 3_Partie3.pdf; Pa Nu Papia Kriolu 3_Partie9.pdf"
"ramedi",3,"Pa Nu Papia Kriolu 3_Partie2.pdf; Pa Nu Papia Kriolu 3_Partie3.pdf; Pa Nu Papia Kriolu 3_Partie9.pdf"
"konbina",3,"Pa Nu Papia Kriolu 3_Partie2.pdf; Pa Nu Papia Kriolu 3_Partie8.pdf; Pa Nu Papia Kriolu 3_Partie9.pdf"
"kunpanha",3,"Pa Nu Papia Kriolu 3_Partie2.pdf; Pa Nu Papia Kriolu 3_Partie8.pdf; Pa Nu Papia Kriolu 3_Partie9.pdf"
"interpret",3,"Pa Nu Papia Kriolu 3_Partie2.pdf; Pa Nu Papia Kriolu 3_Partie8.pdf; Pa Nu Papia Kriolu 3_Partie9.pdf"
"innon",3,"Pa Nu Papia Kriolu 3_Partie2.pdf; Pa Nu Papia Kriolu 3_Partie3.pdf; Pa Nu Papia Kriolu 3_Partie6.pdf"
"soma",3,"Pa Nu Papia Kriolu 3_Partie2.pdf; Pa Nu Papia Kriolu 3_Partie7.pdf; Pa Nu Papia Kriolu 3_Partie9.pdf"
"indefinite",3,"Pa Nu Papia Kriolu 3_Partie2.pdf; Pa Nu Papia Kriolu 3_Partie4.pdf; Pa Nu Papia Kriolu 3_Partie7.pdf"
"femia",3,"Pa Nu Papia Kriolu 3_Partie2.pdf; Pa Nu Papia Kriolu 3_Partie6.pdf; Pa Nu Papia Kriolu 3_Partie7.pdf"
"expresses",3,"Pa Nu Papia Kriolu 3_Partie2.pdf; Pa Nu Papia Kriolu 3_Partie3.pdf; Pa Nu Papia Kriolu 3_Partie4.pdf"
"fepu",3,"Pa Nu Papia Kriolu 3_Partie2.pdf; Pa Nu Papia Kriolu 3_Partie7.pdf; Pa Nu Papia Kriolu 3_Partie9.pdf"
"kadakual",3,"Pa Nu Papia Kriolu 3_Partie2.pdf; Pa Nu Papia Kriolu 3_Partie8.pdf; Pa Nu Papia Kriolu 3_Partie9.pdf"
"include",3,"Pa Nu Papia Kriolu 3_Partie2.pdf; Pa Nu Papia Kriolu 3_Partie8.pdf; Pa Nu Papia Kriolu 3_Partie9.pdf"
"enfadadu",3,"Pa Nu Papia Kriolu 3_Partie3.pdf; Pa Nu Papia Kriolu 3_Partie8.pdf; Pa Nu Papia Kriolu 3_Partie9.pdf"
"progressive",3,"Pa Nu Papia Kriolu 3_Partie3.pdf; Pa Nu Papia Kriolu 3_Partie4.pdf; Pa Nu Papia Kriolu 3_Partie7.pdf"
"kotubelu",3,"Pa Nu Papia Kriolu 3_Partie3.pdf; Pa Nu Papia Kriolu 3_Partie8.pdf; Pa Nu Papia Kriolu 3_Partie9.pdf"
"kanela",3,"Pa Nu Papia Kriolu 3_Partie3.pdf; Pa Nu Papia Kriolu 3_Partie8.pdf; Pa Nu Papia Kriolu 3_Partie9.pdf"
"indikador",3,"Pa Nu Papia Kriolu 3_Partie3.pdf; Pa Nu Papia Kriolu 3_Partie8.pdf; Pa Nu Papia Kriolu 3_Partie9.pdf"
"parma",3,"Pa Nu Papia Kriolu 3_Partie3.pdf; Pa Nu Papia Kriolu 3_Partie8.pdf; Pa Nu Papia Kriolu 3_Partie9.pdf"
"dedumeiu",3,"Pa Nu Papia Kriolu 3_Partie3.pdf; Pa Nu Papia Kriolu 3_Partie8.pdf; Pa Nu Papia Kriolu 3_Partie9.pdf"
"unha",3,"Pa Nu Papia Kriolu 3_Partie3.pdf; Pa Nu Papia Kriolu 3_Partie5.pdf; Pa Nu Papia Kriolu 3_Partie9.pdf"
"obidu",3,"Pa Nu Papia Kriolu 3_Partie3.pdf; Pa Nu Papia Kriolu 3_Partie6.pdf; Pa Nu Papia Kriolu 3_Partie7.pdf"
"intestinu",3,"Pa Nu Papia Kriolu 3_Partie3.pdf; Pa Nu Papia Kriolu 3_Partie8.pdf; Pa Nu Papia Kriolu 3_Partie9.pdf"
"intestines",3,"Pa Nu Papia Kriolu 3_Partie3.pdf; Pa Nu Papia Kriolu 3_Partie8.pdf; Pa Nu Papia Kriolu 3_Partie9.pdf"
"konfidensial",3,"Pa Nu Papia Kriolu 3_Partie3.pdf; Pa Nu Papia Kriolu 3_Partie8.pdf; Pa Nu Papia Kriolu 3_Partie9.pdf"
"mediku",3,"Pa Nu Papia Kriolu 3_Partie3.pdf; Pa Nu Papia Kriolu 3_Partie8.pdf; Pa Nu Papia Kriolu 3_Partie9.pdf"
"medical",3,"Pa Nu Papia Kriolu 3_Partie3.pdf; Pa Nu Papia Kriolu 3_Partie8.pdf; Pa Nu Papia Kriolu 3_Partie9.pdf"
"jelu",3,"Pa Nu Papia Kriolu 3_Partie3.pdf; Pa Nu Papia Kriolu 3_Partie8.pdf; Pa Nu Papia Kriolu 3_Partie9.pdf"
"jesu",3,"Pa Nu Papia Kriolu 3_Partie3.pdf; Pa Nu Papia Kriolu 3_Partie8.pdf; Pa Nu Papia Kriolu 3_Partie9.pdf"
"diskansa",3,"Pa Nu Papia Kriolu 3_Partie3.pdf; Pa Nu Papia Kriolu 3_Partie8.pdf; Pa Nu Papia Kriolu 3_Partie9.pdf"
"muleta",3,"Pa Nu Papia Kriolu 3_Partie3.pdf; Pa Nu Papia Kriolu 3_Partie8.pdf; Pa Nu Papia Kriolu 3_Partie9.pdf"
"tupidu",3,"Pa Nu Papia Kriolu 3_Partie3.pdf; Pa Nu Papia Kriolu 3_Partie8.pdf; Pa Nu Papia Kriolu 3_Partie9.pdf"
"eut",3,"Pa Nu Papia Kriolu 3_Partie3.pdf; Pa Nu Papia Kriolu 3_Partie8.pdf; Pa Nu Papia Kriolu 3_Partie9.pdf"
"rapidu",3,"Pa Nu Papia Kriolu 3_Partie3.pdf; Pa Nu Papia Kriolu 3_Partie7.pdf; Pa Nu Papia Kriolu 3_Partie9.pdf"
"febri",3,"Pa Nu Papia Kriolu 3_Partie3.pdf; Pa Nu Papia Kriolu 3_Partie8.pdf; Pa Nu Papia Kriolu 3_Partie9.pdf"
"infeson",3,"Pa Nu Papia Kriolu 3_Partie3.pdf; Pa Nu Papia Kriolu 3_Partie8.pdf; Pa Nu Papia Kriolu 3_Partie9.pdf"
"infirmaria",3,"Pa Nu Papia Kriolu 3_Partie3.pdf; Pa Nu Papia Kriolu 3_Partie8.pdf; Pa Nu Papia Kriolu 3_Partie9.pdf"
"injeson",3,"Pa Nu Papia Kriolu 3_Partie3.pdf; Pa Nu Papia Kriolu 3_Partie8.pdf; Pa Nu Papia Kriolu 3_Partie9.pdf"
"instrumentu",3,"Pa Nu Papia Kriolu 3_Partie3.pdf; Pa Nu Papia Kriolu 3_Partie8.pdf; Pa Nu Papia Kriolu 3_Partie9.pdf"
"instruments",3,"Pa Nu Papia Kriolu 3_Partie3.pdf; Pa Nu Papia Kriolu 3_Partie8.pdf; Pa Nu Papia Kriolu 3_Partie9.pdf"
"preta",3,"Pa Nu Papia Kriolu 3_Partie3.pdf; Pa Nu Papia Kriolu 3_Partie7.pdf; Pa Nu Papia Kriolu 3_Partie9.pdf"
"abertu",3,"Pa Nu Papia Kriolu 3_Partie3.pdf; Pa Nu Papia Kriolu 3_Partie8.pdf; Pa Nu Papia Kriolu 3_Partie9.pdf"
"fitxadu",3,"Pa Nu Papia Kriolu 3_Partie3.pdf; Pa Nu Papia Kriolu 3_Partie8.pdf; Pa Nu Papia Kriolu 3_Partie9.pdf"
"inprimidu",3,"Pa Nu Papia Kriolu 3_Partie3.pdf; Pa Nu Papia Kriolu 3_Partie8.pdf; Pa Nu Papia Kriolu 3_Partie9.pdf"
"mes",3,"Pa Nu Papia Kriolu 3_Partie3.pdf; Pa Nu Papia Kriolu 3_Partie5.pdf; Pa Nu Papia Kriolu 3_Partie7.pdf"
"mei",3,"Pa Nu Papia Kriolu 3_Partie3.pdf; Pa Nu Papia Kriolu 3_Partie8.pdf; Pa Nu Papia Kriolu 3_Partie9.pdf"
"perdeba",3,"Pa Nu Papia Kriolu 3_Partie3.pdf; Pa Nu Papia Kriolu 3_Partie7.pdf; Pa Nu Papia Kriolu 3_Partie9.pdf"
"anupasadu",3,"Pa Nu Papia Kriolu 3_Partie3.pdf; Pa Nu Papia Kriolu 3_Partie8.pdf; Pa Nu Papia Kriolu 3_Partie9.pdf"
"eye",3,"Pa Nu Papia Kriolu 3_Partie3.pdf; Pa Nu Papia Kriolu 3_Partie8.pdf; Pa Nu Papia Kriolu 3_Partie9.pdf"
"independensia",3,"Pa Nu Papia Kriolu 3_Partie3.pdf; Pa Nu Papia Kriolu 3_Partie5.pdf; Pa Nu Papia Kriolu 3_Partie6.pdf"
"bisikleta",3,"Pa Nu Papia Kriolu 3_Partie3.pdf; Pa Nu Papia Kriolu 3_Partie5.pdf; Pa Nu Papia Kriolu 3_Partie6.pdf"
"intemadu",3,"Pa Nu Papia Kriolu 3_Partie3.pdf; Pa Nu Papia Kriolu 3_Partie8.pdf; Pa Nu Papia Kriolu 3_Partie9.pdf"
"hospital",3,"Pa Nu Papia Kriolu 3_Partie3.pdf; Pa Nu Papia Kriolu 3_Partie8.pdf; Pa Nu Papia Kriolu 3_Partie9.pdf"
"kuandu",3,"Pa Nu Papia Kriolu 3_Partie4.pdf; Pa Nu Papia Kriolu 3_Partie5.pdf; Pa Nu Papia Kriolu 3_Partie7.pdf"
"funana",3,"Pa Nu Papia Kriolu 3_Partie4.pdf; Pa Nu Papia Kriolu 3_Partie5.pdf; Pa Nu Papia Kriolu 3_Partie9.pdf"
"indignity",3,"Pa Nu Papia Kriolu 3_Partie4.pdf; Pa Nu Papia Kriolu 3_Partie8.pdf; Pa Nu Papia Kriolu 3_Partie9.pdf"
"innocent",3,"Pa Nu Papia Kriolu 3_Partie4.pdf; Pa Nu Papia Kriolu 3_Partie8.pdf; Pa Nu Papia Kriolu 3_Partie9.pdf"
"feria",3,"Pa Nu Papia Kriolu 3_Partie4.pdf; Pa Nu Papia Kriolu 3_Partie5.pdf; Pa Nu Papia Kriolu 3_Partie8.pdf"
"nau",3,"Pa Nu Papia Kriolu 3_Partie4.pdf; Pa Nu Papia Kriolu 3_Partie7.pdf; Pa Nu Papia Kriolu 3_Partie9.pdf"
"sobrimenza",3,"Pa Nu Papia Kriolu 3_Partie4.pdf; Pa Nu Papia Kriolu 3_Partie5.pdf; Pa Nu Papia Kriolu 3_Partie7.pdf"
"fidju-femia",3,"Pa Nu Papia Kriolu 3_Partie4.pdf; Pa Nu Papia Kriolu 3_Partie6.pdf; Pa Nu Papia Kriolu 3_Partie9.pdf"
"bisildeta",3,"Pa Nu Papia Kriolu 3_Partie4.pdf; Pa Nu Papia Kriolu 3_Partie8.pdf; Pa Nu Papia Kriolu 3_Partie9.pdf"
"perde",3,"Pa Nu Papia Kriolu 3_Partie4.pdf; Pa Nu Papia Kriolu 3_Partie5.pdf; Pa Nu Papia Kriolu 3_Partie9.pdf"
"kolejiu",3,"Pa Nu Papia Kriolu 3_Partie4.pdf; Pa Nu Papia Kriolu 3_Partie8.pdf; Pa Nu Papia Kriolu 3_Partie9.pdf"
"onestu",3,"Pa Nu Papia Kriolu 3_Partie4.pdf; Pa Nu Papia Kriolu 3_Partie7.pdf; Pa Nu Papia Kriolu 3_Partie8.pdf"
"ali",3,"Pa Nu Papia Kriolu 3_Partie4.pdf; Pa Nu Papia Kriolu 3_Partie5.pdf; Pa Nu Papia Kriolu 3_Partie7.pdf"
"abridor",3,"Pa Nu Papia Kriolu 3_Partie4.pdf; Pa Nu Papia Kriolu 3_Partie8.pdf; Pa Nu Papia Kriolu 3_Partie9.pdf"
"batedor",3,"Pa Nu Papia Kriolu 3_Partie4.pdf; Pa Nu Papia Kriolu 3_Partie8.pdf; Pa Nu Papia Kriolu 3_Partie9.pdf"
"pegador",3,"Pa Nu Papia Kriolu 3_Partie4.pdf; Pa Nu Papia Kriolu 3_Partie5.pdf; Pa Nu Papia Kriolu 3_Partie9.pdf"
"ankora",3,"Pa Nu Papia Kriolu 3_Partie4.pdf; Pa Nu Papia Kriolu 3_Partie8.pdf; Pa Nu Papia Kriolu 3_Partie9.pdf"
"morada",3,"Pa Nu Papia Kriolu 3_Partie4.pdf; Pa Nu Papia Kriolu 3_Partie8.pdf; Pa Nu Papia Kriolu 3_Partie9.pdf"
"prenxe",3,"Pa Nu Papia Kriolu 3_Partie4.pdf; Pa Nu Papia Kriolu 3_Partie8.pdf; Pa Nu Papia Kriolu 3_Partie9.pdf"
"kartinha",3,"Pa Nu Papia Kriolu 3_Partie4.pdf; Pa Nu Papia Kriolu 3_Partie8.pdf; Pa Nu Papia Kriolu 3_Partie9.pdf"
"rekadu",3,"Pa Nu Papia Kriolu 3_Partie5.pdf; Pa Nu Papia Kriolu 3_Partie7.pdf; Pa Nu Papia Kriolu 3_Partie9.pdf"
"guardadu",3,"Pa Nu Papia Kriolu 3_Partie5.pdf; Pa Nu Papia Kriolu 3_Partie8.pdf; Pa Nu Papia Kriolu 3_Partie9.pdf"
"pueta",3,"Pa Nu Papia Kriolu 3_Partie5.pdf; Pa Nu Papia Kriolu 3_Partie7.pdf; Pa Nu Papia Kriolu 3_Partie9.pdf"
"disizon",3,"Pa Nu Papia Kriolu 3_Partie5.pdf; Pa Nu Papia Kriolu 3_Partie8.pdf; Pa Nu Papia Kriolu 3_Partie9.pdf"
"kureiu",3,"Pa Nu Papia Kriolu 3_Partie5.pdf; Pa Nu Papia Kriolu 3_Partie8.pdf; Pa Nu Papia Kriolu 3_Partie9.pdf"
"txada",3,"Pa Nu Papia Kriolu 3_Partie5.pdf; Pa Nu Papia Kriolu 3_Partie7.pdf; Pa Nu Papia Kriolu 3_Partie9.pdf"
"sertu",3,"Pa Nu Papia Kriolu 3_Partie5.pdf; Pa Nu Papia Kriolu 3_Partie7.pdf; Pa Nu Papia Kriolu 3_Partie9.pdf"
"koitadeza",3,"Pa Nu Papia Kriolu 3_Partie5.pdf; Pa Nu Papia Kriolu 3_Partie8.pdf; Pa Nu Papia Kriolu 3_Partie9.pdf"
"omenus",3,"Pa Nu Papia Kriolu 3_Partie5.pdf; Pa Nu Papia Kriolu 3_Partie8.pdf; Pa Nu Papia Kriolu 3_Partie9.pdf"
"speradu",3,"Pa Nu Papia Kriolu 3_Partie5.pdf; Pa Nu Papia Kriolu 3_Partie6.pdf; Pa Nu Papia Kriolu 3_Partie7.pdf"
"infin",3,"Pa Nu Papia Kriolu 3_Partie5.pdf; Pa Nu Papia Kriolu 3_Partie8.pdf; Pa Nu Papia Kriolu 3_Partie9.pdf"
"ajudinha",3,"Pa Nu Papia Kriolu 3_Partie5.pdf; Pa Nu Papia Kriolu 3_Partie8.pdf; Pa Nu Papia Kriolu 3_Partie9.pdf"
"ankuadu",3,"Pa Nu Papia Kriolu 3_Partie5.pdf; Pa Nu Papia Kriolu 3_Partie8.pdf; Pa Nu Papia Kriolu 3_Partie9.pdf"
"pesual",3,"Pa Nu Papia Kriolu 3_Partie5.pdf; Pa Nu Papia Kriolu 3_Partie7.pdf; Pa Nu Papia Kriolu 3_Partie9.pdf"
"inpresionanti",3,"Pa Nu Papia Kriolu 3_Partie5.pdf; Pa Nu Papia Kriolu 3_Partie8.pdf; Pa Nu Papia Kriolu 3_Partie9.pdf"
"impressive",3,"Pa Nu Papia Kriolu 3_Partie5.pdf; Pa Nu Papia Kriolu 3_Partie8.pdf; Pa Nu Papia Kriolu 3_Partie9.pdf"
"katxor",3,"Pa Nu Papia Kriolu 3_Partie5.pdf; Pa Nu Papia Kriolu 3_Partie6.pdf; Pa Nu Papia Kriolu 3_Partie7.pdf"
"sotaventu",3,"Pa Nu Papia Kriolu 3_Partie5.pdf; Pa Nu Papia Kriolu 3_Partie8.pdf; Pa Nu Papia Kriolu 3_Partie9.pdf"
"sal",3,"Pa Nu Papia Kriolu 3_Partie5.pdf; Pa Nu Papia Kriolu 3_Partie6.pdf; Pa Nu Papia Kriolu 3_Partie7.pdf"
"osianu",3,"Pa Nu Papia Kriolu 3_Partie5.pdf; Pa Nu Papia Kriolu 3_Partie8.pdf; Pa Nu Papia Kriolu 3_Partie9.pdf"
"contrast",3,"Pa Nu Papia Kriolu 3_Partie5.pdf; Pa Nu Papia Kriolu 3_Partie8.pdf; Pa Nu Papia Kriolu 3_Partie9.pdf"
"sobradu",3,"Pa Nu Papia Kriolu 3_Partie5.pdf; Pa Nu Papia Kriolu 3_Partie7.pdf; Pa Nu Papia Kriolu 3_Partie9.pdf"
"almofada",3,"Pa Nu Papia Kriolu 3_Partie5.pdf; Pa Nu Papia Kriolu 3_Partie8.pdf; Pa Nu Papia Kriolu 3_Partie9.pdf"
"menzinha",3,"Pa Nu Papia Kriolu 3_Partie5.pdf; Pa Nu Papia Kriolu 3_Partie8.pdf; Pa Nu Papia Kriolu 3_Partie9.pdf"
"image",3,"Pa Nu Papia Kriolu 3_Partie5.pdf; Pa Nu Papia Kriolu 3_Partie8.pdf; Pa Nu Papia Kriolu 3_Partie9.pdf"
"kastisal",3,"Pa Nu Papia Kriolu 3_Partie5.pdf; Pa Nu Papia Kriolu 3_Partie8.pdf; Pa Nu Papia Kriolu 3_Partie9.pdf"
"kurtina",3,"Pa Nu Papia Kriolu 3_Partie5.pdf; Pa Nu Papia Kriolu 3_Partie8.pdf; Pa Nu Papia Kriolu 3_Partie9.pdf"
"kondisionadu",3,"Pa Nu Papia Kriolu 3_Partie5.pdf; Pa Nu Papia Kriolu 3_Partie8.pdf; Pa Nu Papia Kriolu 3_Partie9.pdf"
"bankinha",3,"Pa Nu Papia Kriolu 3_Partie5.pdf; Pa Nu Papia Kriolu 3_Partie8.pdf; Pa Nu Papia Kriolu 3_Partie9.pdf"
"dispertador",3,"Pa Nu Papia Kriolu 3_Partie5.pdf; Pa Nu Papia Kriolu 3_Partie8.pdf; Pa Nu Papia Kriolu 3_Partie9.pdf"
"bureau",3,"Pa Nu Papia Kriolu 3_Partie5.pdf; Pa Nu Papia Kriolu 3_Partie8.pdf; Pa Nu Papia Kriolu 3_Partie9.pdf"
"basora",3,"Pa Nu Papia Kriolu 3_Partie5.pdf; Pa Nu Papia Kriolu 3_Partie8.pdf; Pa Nu Papia Kriolu 3_Partie9.pdf"
"basorapena",3,"Pa Nu Papia Kriolu 3_Partie5.pdf; Pa Nu Papia Kriolu 3_Partie8.pdf; Pa Nu Papia Kriolu 3_Partie9.pdf"
"dizintupidor",3,"Pa Nu Papia Kriolu 3_Partie5.pdf; Pa Nu Papia Kriolu 3_Partie8.pdf; Pa Nu Papia Kriolu 3_Partie9.pdf"
"gravador",3,"Pa Nu Papia Kriolu 3_Partie5.pdf; Pa Nu Papia Kriolu 3_Partie8.pdf; Pa Nu Papia Kriolu 3_Partie9.pdf"
"kontentor",3,"Pa Nu Papia Kriolu 3_Partie5.pdf; Pa Nu Papia Kriolu 3_Partie8.pdf; Pa Nu Papia Kriolu 3_Partie9.pdf"
"kor",3,"Pa Nu Papia Kriolu 3_Partie5.pdf; Pa Nu Papia Kriolu 3_Partie6.pdf; Pa Nu Papia Kriolu 3_Partie7.pdf"
"ditadu",3,"Pa Nu Papia Kriolu 3_Partie5.pdf; Pa Nu Papia Kriolu 3_Partie8.pdf; Pa Nu Papia Kriolu 3_Partie9.pdf"
"proverb",3,"Pa Nu Papia Kriolu 3_Partie5.pdf; Pa Nu Papia Kriolu 3_Partie8.pdf; Pa Nu Papia Kriolu 3_Partie9.pdf"
"bodeku",3,"Pa Nu Papia Kriolu 3_Partie5.pdf; Pa Nu Papia Kriolu 3_Partie8.pdf; Pa Nu Papia Kriolu 3_Partie9.pdf"
"pedra",3,"Pa Nu Papia Kriolu 3_Partie5.pdf; Pa Nu Papia Kriolu 3_Partie6.pdf; Pa Nu Papia Kriolu 3_Partie7.pdf"
"ofisial",3,"Pa Nu Papia Kriolu 3_Partie6.pdf; Pa Nu Papia Kriolu 3_Partie8.pdf; Pa Nu Papia Kriolu 3_Partie9.pdf"
"oredja",3,"Pa Nu Papia Kriolu 3_Partie6.pdf; Pa Nu Papia Kriolu 3_Partie8.pdf; Pa Nu Papia Kriolu 3_Partie9.pdf"
"erda",3,"Pa Nu Papia Kriolu 3_Partie6.pdf; Pa Nu Papia Kriolu 3_Partie7.pdf; Pa Nu Papia Kriolu 3_Partie8.pdf"
"prensa",3,"Pa Nu Papia Kriolu 3_Partie6.pdf; Pa Nu Papia Kriolu 3_Partie8.pdf; Pa Nu Papia Kriolu 3_Partie9.pdf"
"konpresor",3,"Pa Nu Papia Kriolu 3_Partie6.pdf; Pa Nu Papia Kriolu 3_Partie8.pdf; Pa Nu Papia Kriolu 3_Partie9.pdf"
"jirada",3,"Pa Nu Papia Kriolu 3_Partie6.pdf; Pa Nu Papia Kriolu 3_Partie8.pdf; Pa Nu Papia Kriolu 3_Partie9.pdf"
"animal",3,"Pa Nu Papia Kriolu 3_Partie6.pdf; Pa Nu Papia Kriolu 3_Partie8.pdf; Pa Nu Papia Kriolu 3_Partie9.pdf"
"muidu",3,"Pa Nu Papia Kriolu 3_Partie6.pdf; Pa Nu Papia Kriolu 3_Partie8.pdf; Pa Nu Papia Kriolu 3_Partie9.pdf"
"ilementus",3,"Pa Nu Papia Kriolu 3_Partie6.pdf; Pa Nu Papia Kriolu 3_Partie8.pdf; Pa Nu Papia Kriolu 3_Partie9.pdf"
"dizenpenha",3,"Pa Nu Papia Kriolu 3_Partie6.pdf; Pa Nu Papia Kriolu 3_Partie8.pdf; Pa Nu Papia Kriolu 3_Partie9.pdf"
"inperiu",3,"Pa Nu Papia Kriolu 3_Partie6.pdf; Pa Nu Papia Kriolu 3_Partie8.pdf; Pa Nu Papia Kriolu 3_Partie9.pdf"
"disvantaji",3,"Pa Nu Papia Kriolu 3_Partie6.pdf; Pa Nu Papia Kriolu 3_Partie8.pdf; Pa Nu Papia Kriolu 3_Partie9.pdf"
"izenplu",3,"Pa Nu Papia Kriolu 3_Partie6.pdf; Pa Nu Papia Kriolu 3_Partie8.pdf; Pa Nu Papia Kriolu 3_Partie9.pdf"
"beleza",3,"Pa Nu Papia Kriolu 3_Partie6.pdf; Pa Nu Papia Kriolu 3_Partie8.pdf; Pa Nu Papia Kriolu 3_Partie9.pdf"
"disadvantage",3,"Pa Nu Papia Kriolu 3_Partie6.pdf; Pa Nu Papia Kriolu 3_Partie8.pdf; Pa Nu Papia Kriolu 3_Partie9.pdf"
"ramonda",3,"Pa Nu Papia Kriolu 3_Partie6.pdf; Pa Nu Papia Kriolu 3_Partie8.pdf; Pa Nu Papia Kriolu 3_Partie9.pdf"
"nkrokadu",3,"Pa Nu Papia Kriolu 3_Partie6.pdf; Pa Nu Papia Kriolu 3_Partie8.pdf; Pa Nu Papia Kriolu 3_Partie9.pdf"
"nas",3,"Pa Nu Papia Kriolu 3_Partie6.pdf; Pa Nu Papia Kriolu 3_Partie8.pdf; Pa Nu Papia Kriolu 3_Partie9.pdf"
"intxidu",3,"Pa Nu Papia Kriolu 3_Partie6.pdf; Pa Nu Papia Kriolu 3_Partie8.pdf; Pa Nu Papia Kriolu 3_Partie9.pdf"
"inkorpora",3,"Pa Nu Papia Kriolu 3_Partie6.pdf; Pa Nu Papia Kriolu 3_Partie8.pdf; Pa Nu Papia Kriolu 3_Partie9.pdf"
"antigamenti",3,"Pa Nu Papia Kriolu 3_Partie6.pdf; Pa Nu Papia Kriolu 3_Partie8.pdf; Pa Nu Papia Kriolu 3_Partie9.pdf"
"mueda",3,"Pa Nu Papia Kriolu 3_Partie6.pdf; Pa Nu Papia Kriolu 3_Partie8.pdf; Pa Nu Papia Kriolu 3_Partie9.pdf"
"investigason",3,"Pa Nu Papia Kriolu 3_Partie6.pdf; Pa Nu Papia Kriolu 3_Partie8.pdf; Pa Nu Papia Kriolu 3_Partie9.pdf"
"inklui",3,"Pa Nu Papia Kriolu 3_Partie6.pdf; Pa Nu Papia Kriolu 3_Partie8.pdf; Pa Nu Papia Kriolu 3_Partie9.pdf"
"konstruidu",3,"Pa Nu Papia Kriolu 3_Partie6.pdf; Pa Nu Papia Kriolu 3_Partie8.pdf; Pa Nu Papia Kriolu 3_Partie9.pdf"
"kubertu",3,"Pa Nu Papia Kriolu 3_Partie6.pdf; Pa Nu Papia Kriolu 3_Partie8.pdf; Pa Nu Papia Kriolu 3_Partie9.pdf"
"kintal",3,"Pa Nu Papia Kriolu 3_Partie6.pdf; Pa Nu Papia Kriolu 3_Partie8.pdf; Pa Nu Papia Kriolu 3_Partie9.pdf"
"omamentadu",3,"Pa Nu Papia Kriolu 3_Partie6.pdf; Pa Nu Papia Kriolu 3_Partie8.pdf; Pa Nu Papia Kriolu 3_Partie9.pdf"
"martelu",3,"Pa Nu Papia Kriolu 3_Partie6.pdf; Pa Nu Papia Kriolu 3_Partie8.pdf; Pa Nu Papia Kriolu 3_Partie9.pdf"
"explain",3,"Pa Nu Papia Kriolu 3_Partie6.pdf; Pa Nu Papia Kriolu 3_Partie8.pdf; Pa Nu Papia Kriolu 3_Partie9.pdf"
"padjigal",3,"Pa Nu Papia Kriolu 3_Partie6.pdf; Pa Nu Papia Kriolu 3_Partie8.pdf; Pa Nu Papia Kriolu 3_Partie9.pdf"
"gravida",3,"Pa Nu Papia Kriolu 3_Partie6.pdf; Pa Nu Papia Kriolu 3_Partie8.pdf; Pa Nu Papia Kriolu 3_Partie9.pdf"
"imenta",3,"Pa Nu Papia Kriolu 3_Partie7.pdf; Pa Nu Papia Kriolu 3_Partie8.pdf; Pa Nu Papia Kriolu 3_Partie9.pdf"
"likor",3,"Pa Nu Papia Kriolu 3_Partie7.pdf; Pa Nu Papia Kriolu 3_Partie8.pdf; Pa Nu Papia Kriolu 3_Partie9.pdf"
"linpeza",3,"Pa Nu Papia Kriolu 3_Partie7.pdf; Pa Nu Papia Kriolu 3_Partie8.pdf; Pa Nu Papia Kriolu 3_Partie9.pdf"
"streladu",3,"Pa Nu Papia Kriolu 3_Partie7.pdf; Pa Nu Papia Kriolu 3_Partie8.pdf; Pa Nu Papia Kriolu 3_Partie9.pdf"
"madrugada",3,"Pa Nu Papia Kriolu 3_Partie7.pdf; Pa Nu Papia Kriolu 3_Partie8.pdf; Pa Nu Papia Kriolu 3_Partie9.pdf"
"bensuadu",3,"Pa Nu Papia Kriolu 3_Partie7.pdf; Pa Nu Papia Kriolu 3_Partie8.pdf; Pa Nu Papia Kriolu 3_Partie9.pdf"
"disgrasadu",3,"Pa Nu Papia Kriolu 3_Partie7.pdf; Pa Nu Papia Kriolu 3_Partie8.pdf; Pa Nu Papia Kriolu 3_Partie9.pdf"
"era",3,"Pa Nu Papia Kriolu 3_Partie7.pdf; Pa Nu Papia Kriolu 3_Partie8.pdf; Pa Nu Papia Kriolu 3_Partie9.pdf"
"fama",3,"Pa Nu Papia Kriolu 3_Partie7.pdf; Pa Nu Papia Kriolu 3_Partie8.pdf; Pa Nu Papia Kriolu 3_Partie9.pdf"
"akordu",3,"Pa Nu Papia Kriolu 3_Partie7.pdf; Pa Nu Papia Kriolu 3_Partie8.pdf; Pa Nu Papia Kriolu 3_Partie9.pdf"
"prega",3,"Pa Nu Papia Kriolu 3_Partie7.pdf; Pa Nu Papia Kriolu 3_Partie8.pdf; Pa Nu Papia Kriolu 3_Partie9.pdf"
"borboletas",3,"Pa Nu Papia Kriolu 3_Partie7.pdf; Pa Nu Papia Kriolu 3_Partie8.pdf; Pa Nu Papia Kriolu 3_Partie9.pdf"
"kurida",3,"Pa Nu Papia Kriolu 3_Partie7.pdf; Pa Nu Papia Kriolu 3_Partie8.pdf; Pa Nu Papia Kriolu 3_Partie9.pdf"
"bespa",3,"Pa Nu Papia Kriolu 3_Partie7.pdf; Pa Nu Papia Kriolu 3_Partie8.pdf; Pa Nu Papia Kriolu 3_Partie9.pdf"
"etriseta",3,"Pa Nu Papia Kriolu 3_Partie7.pdf; Pa Nu Papia Kriolu 3_Partie8.pdf; Pa Nu Papia Kriolu 3_Partie9.pdf"
"parabens",3,"Pa Nu Papia Kriolu 3_Partie7.pdf; Pa Nu Papia Kriolu 3_Partie8.pdf; Pa Nu Papia Kriolu 3_Partie9.pdf"
"anima",3,"Pa Nu Papia Kriolu 3_Partie7.pdf; Pa Nu Papia Kriolu 3_Partie8.pdf; Pa Nu Papia Kriolu 3_Partie9.pdf"
"ari",3,"Pa Nu Papia Kriolu 3_Partie7.pdf; Pa Nu Papia Kriolu 3_Partie8.pdf; Pa Nu Papia Kriolu 3_Partie9.pdf"
"dispo",3,"Pa Nu Papia Kriolu 3_Partie7.pdf; Pa Nu Papia Kriolu 3_Partie8.pdf; Pa Nu Papia Kriolu 3_Partie9.pdf"
"lie",3,"Pa Nu Papia Kriolu 3_Partie7.pdf; Pa Nu Papia Kriolu 3_Partie8.pdf; Pa Nu Papia Kriolu 3_Partie9.pdf"
"discourage",3,"Pa Nu Papia Kriolu 3_Partie7.pdf; Pa Nu Papia Kriolu 3_Partie8.pdf; Pa Nu Papia Kriolu 3_Partie9.pdf"
"inherit",3,"Pa Nu Papia Kriolu 3_Partie7.pdf; Pa Nu Papia Kriolu 3_Partie8.pdf; Pa Nu Papia Kriolu 3_Partie9.pdf"
"sinzentu",2,"Pa Nu Papia Kriolu 3_Partie1.pdf; Pa Nu Papia Kriolu 3_Partie9.pdf"
"color",2,"Pa Nu Papia Kriolu 3_Partie1.pdf; Pa Nu Papia Kriolu 3_Partie5.pdf"
"rmal",2,"Pa Nu Papia Kriolu 3_Partie1.pdf; Pa Nu Papia Kriolu 3_Partie10.pdf"
"rural",2,"Pa Nu Papia Kriolu 3_Partie1.pdf; Pa Nu Papia Kriolu 3_Partie6.pdf"
"djalina",2,"Pa Nu Papia Kriolu 3_Partie1.pdf; Pa Nu Papia Kriolu 3_Partie4.pdf"
"kuatusentus",2,"Pa Nu Papia Kriolu 3_Partie1.pdf; Pa Nu Papia Kriolu 3_Partie9.pdf"
"kinhentus",2,"Pa Nu Papia Kriolu 3_Partie1.pdf; Pa Nu Papia Kriolu 3_Partie8.pdf"
"oitusentus",2,"Pa Nu Papia Kriolu 3_Partie1.pdf; Pa Nu Papia Kriolu 3_Partie9.pdf"
"ola",2,"Pa Nu Papia Kriolu 3_Partie1.pdf; Pa Nu Papia Kriolu 3_Partie2.pdf"
"fladu",2,"Pa Nu Papia Kriolu 3_Partie1.pdf; Pa Nu Papia Kriolu 3_Partie7.pdf"
"versu",2,"Pa Nu Papia Kriolu 3_Partie1.pdf; Pa Nu Papia Kriolu 3_Partie9.pdf"
"nhordes",2,"Pa Nu Papia Kriolu 3_Partie1.pdf; Pa Nu Papia Kriolu 3_Partie8.pdf"
"merkadu",2,"Pa Nu Papia Kriolu 3_Partie1.pdf; Pa Nu Papia Kriolu 3_Partie5.pdf"
"igu",2,"Pa Nu Papia Kriolu 3_Partie1.pdf; Pa Nu Papia Kriolu 3_Partie9.pdf"
"pema",2,"Pa Nu Papia Kriolu 3_Partie1.pdf; Pa Nu Papia Kriolu 3_Partie3.pdf"
"prezuntu",2,"Pa Nu Papia Kriolu 3_Partie1.pdf; Pa Nu Papia Kriolu 3_Partie9.pdf"
"uvaseku",2,"Pa Nu Papia Kriolu 3_Partie1.pdf; Pa Nu Papia Kriolu 3_Partie9.pdf"
"punhadu",2,"Pa Nu Papia Kriolu 3_Partie1.pdf; Pa Nu Papia Kriolu 3_Partie9.pdf"
"deres",2,"Pa Nu Papia Kriolu 3_Partie1.pdf; Pa Nu Papia Kriolu 3_Partie9.pdf"
"produce",2,"Pa Nu Papia Kriolu 3_Partie1.pdf; Pa Nu Papia Kriolu 3_Partie9.pdf"
"uda",2,"Pa Nu Papia Kriolu 3_Partie1.pdf; Pa Nu Papia Kriolu 3_Partie8.pdf"
"badu",2,"Pa Nu Papia Kriolu 3_Partie1.pdf; Pa Nu Papia Kriolu 3_Partie4.pdf"
"reach",2,"Pa Nu Papia Kriolu 3_Partie10.pdf; Pa Nu Papia Kriolu 3_Partie8.pdf"
"read",2,"Pa Nu Papia Kriolu 3_Partie10.pdf; Pa Nu Papia Kriolu 3_Partie8.pdf"
"ready",2,"Pa Nu Papia Kriolu 3_Partie10.pdf; Pa Nu Papia Kriolu 3_Partie9.pdf"
"tristeza",2,"Pa Nu Papia Kriolu 3_Partie10.pdf; Pa Nu Papia Kriolu 3_Partie7.pdf"
"duna",2,"Pa Nu Papia Kriolu 3_Partie10.pdf; Pa Nu Papia Kriolu 3_Partie8.pdf"
"reflect",2,"Pa Nu Papia Kriolu 3_Partie10.pdf; Pa Nu Papia Kriolu 3_Partie8.pdf"
"refrijeranti",2,"Pa Nu Papia Kriolu 3_Partie10.pdf; Pa Nu Papia Kriolu 3_Partie9.pdf"
"reject",2,"Pa Nu Papia Kriolu 3_Partie10.pdf; Pa Nu Papia Kriolu 3_Partie8.pdf"
"relationship",2,"Pa Nu Papia Kriolu 3_Partie10.pdf; Pa Nu Papia Kriolu 3_Partie6.pdf"
"remind",2,"Pa Nu Papia Kriolu 3_Partie10.pdf; Pa Nu Papia Kriolu 3_Partie8.pdf"
"resistance",2,"Pa Nu Papia Kriolu 3_Partie10.pdf; Pa Nu Papia Kriolu 3_Partie9.pdf"
"resource",2,"Pa Nu Papia Kriolu 3_Partie10.pdf; Pa Nu Papia Kriolu 3_Partie9.pdf"
"stradas",2,"Pa Nu Papia Kriolu 3_Partie10.pdf; Pa Nu Papia Kriolu 3_Partie6.pdf"
"impolite",2,"Pa Nu Papia Kriolu 3_Partie10.pdf; Pa Nu Papia Kriolu 3_Partie8.pdf"
"malkriadu",2,"Pa Nu Papia Kriolu 3_Partie10.pdf; Pa Nu Papia Kriolu 3_Partie5.pdf"
"sexual",2,"Pa Nu Papia Kriolu 3_Partie10.pdf; Pa Nu Papia Kriolu 3_Partie8.pdf"
"expect",2,"Pa Nu Papia Kriolu 3_Partie10.pdf; Pa Nu Papia Kriolu 3_Partie8.pdf"
"signal",2,"Pa Nu Papia Kriolu 3_Partie10.pdf; Pa Nu Papia Kriolu 3_Partie9.pdf"
"baporvapor",2,"Pa Nu Papia Kriolu 3_Partie10.pdf; Pa Nu Papia Kriolu 3_Partie8.pdf"
"inpurtansia",2,"Pa Nu Papia Kriolu 3_Partie10.pdf; Pa Nu Papia Kriolu 3_Partie8.pdf"
"kantaderakantador",2,"Pa Nu Papia Kriolu 3_Partie10.pdf; Pa Nu Papia Kriolu 3_Partie8.pdf"
"spinhal",2,"Pa Nu Papia Kriolu 3_Partie10.pdf; Pa Nu Papia Kriolu 3_Partie8.pdf"
"extreme",2,"Pa Nu Papia Kriolu 3_Partie10.pdf; Pa Nu Papia Kriolu 3_Partie8.pdf"
"stilizadu",2,"Pa Nu Papia Kriolu 3_Partie10.pdf; Pa Nu Papia Kriolu 3_Partie6.pdf"
"ijieniku",2,"Pa Nu Papia Kriolu 3_Partie10.pdf; Pa Nu Papia Kriolu 3_Partie5.pdf"
"brinldu",2,"Pa Nu Papia Kriolu 3_Partie10.pdf; Pa Nu Papia Kriolu 3_Partie8.pdf"
"tropical",2,"Pa Nu Papia Kriolu 3_Partie10.pdf; Pa Nu Papia Kriolu 3_Partie9.pdf"
"tersa-fera",2,"Pa Nu Papia Kriolu 3_Partie10.pdf; Pa Nu Papia Kriolu 3_Partie9.pdf"
"fina",2,"Pa Nu Papia Kriolu 3_Partie10.pdf; Pa Nu Papia Kriolu 3_Partie8.pdf"
"volcano",2,"Pa Nu Papia Kriolu 3_Partie10.pdf; Pa Nu Papia Kriolu 3_Partie8.pdf"
"enpregadu",2,"Pa Nu Papia Kriolu 3_Partie10.pdf; Pa Nu Papia Kriolu 3_Partie2.pdf"
"ordiadu",2,"Pa Nu Papia Kriolu 3_Partie10.pdf; Pa Nu Papia Kriolu 3_Partie7.pdf"
"sumana",2,"Pa Nu Papia Kriolu 3_Partie10.pdf; Pa Nu Papia Kriolu 3_Partie9.pdf"
"ponbinha",2,"Pa Nu Papia Kriolu 3_Partie2.pdf; Pa Nu Papia Kriolu 3_Partie9.pdf"
"bed",2,"Pa Nu Papia Kriolu 3_Partie2.pdf; Pa Nu Papia Kriolu 3_Partie3.pdf"
"sabedor",2,"Pa Nu Papia Kriolu 3_Partie2.pdf; Pa Nu Papia Kriolu 3_Partie9.pdf"
"fastentua",2,"Pa Nu Papia Kriolu 3_Partie2.pdf; Pa Nu Papia Kriolu 3_Partie9.pdf"
"persona",2,"Pa Nu Papia Kriolu 3_Partie2.pdf; Pa Nu Papia Kriolu 3_Partie9.pdf"
"mor",2,"Pa Nu Papia Kriolu 3_Partie2.pdf; Pa Nu Papia Kriolu 3_Partie7.pdf"
"mana",2,"Pa Nu Papia Kriolu 3_Partie2.pdf; Pa Nu Papia Kriolu 3_Partie4.pdf"
"arjentina",2,"Pa Nu Papia Kriolu 3_Partie2.pdf; Pa Nu Papia Kriolu 3_Partie6.pdf"
"anos",2,"Pa Nu Papia Kriolu 3_Partie2.pdf; Pa Nu Papia Kriolu 3_Partie3.pdf"
"unkuzinha",2,"Pa Nu Papia Kriolu 3_Partie2.pdf; Pa Nu Papia Kriolu 3_Partie9.pdf"
"senha",2,"Pa Nu Papia Kriolu 3_Partie2.pdf; Pa Nu Papia Kriolu 3_Partie9.pdf"
"insurance",2,"Pa Nu Papia Kriolu 3_Partie2.pdf; Pa Nu Papia Kriolu 3_Partie9.pdf"
"telephone",2,"Pa Nu Papia Kriolu 3_Partie2.pdf; Pa Nu Papia Kriolu 3_Partie9.pdf"
"bedj",2,"Pa Nu Papia Kriolu 3_Partie2.pdf; Pa Nu Papia Kriolu 3_Partie8.pdf"
"door",2,"Pa Nu Papia Kriolu 3_Partie2.pdf; Pa Nu Papia Kriolu 3_Partie9.pdf"
"tia",2,"Pa Nu Papia Kriolu 3_Partie2.pdf; Pa Nu Papia Kriolu 3_Partie9.pdf"
"linda",2,"Pa Nu Papia Kriolu 3_Partie2.pdf; Pa Nu Papia Kriolu 3_Partie4.pdf"
"imperative",2,"Pa Nu Papia Kriolu 3_Partie2.pdf; Pa Nu Papia Kriolu 3_Partie7.pdf"
"indirect",2,"Pa Nu Papia Kriolu 3_Partie2.pdf; Pa Nu Papia Kriolu 3_Partie9.pdf"
"sobremenza",2,"Pa Nu Papia Kriolu 3_Partie2.pdf; Pa Nu Papia Kriolu 3_Partie9.pdf"
"konbersu",2,"Pa Nu Papia Kriolu 3_Partie2.pdf; Pa Nu Papia Kriolu 3_Partie3.pdf"
"dessert",2,"Pa Nu Papia Kriolu 3_Partie2.pdf; Pa Nu Papia Kriolu 3_Partie9.pdf"
"instrumentus",2,"Pa Nu Papia Kriolu 3_Partie3.pdf; Pa Nu Papia Kriolu 3_Partie6.pdf"
"ate",2,"Pa Nu Papia Kriolu 3_Partie3.pdf; Pa Nu Papia Kriolu 3_Partie4.pdf"
"restoranti",2,"Pa Nu Papia Kriolu 3_Partie3.pdf; Pa Nu Papia Kriolu 3_Partie7.pdf"
"aes",2,"Pa Nu Papia Kriolu 3_Partie3.pdf; Pa Nu Papia Kriolu 3_Partie4.pdf"
"leu",2,"Pa Nu Papia Kriolu 3_Partie3.pdf; Pa Nu Papia Kriolu 3_Partie5.pdf"
"nhadondona",2,"Pa Nu Papia Kriolu 3_Partie3.pdf; Pa Nu Papia Kriolu 3_Partie4.pdf"
"frontal",2,"Pa Nu Papia Kriolu 3_Partie3.pdf; Pa Nu Papia Kriolu 3_Partie7.pdf"
"respira",2,"Pa Nu Papia Kriolu 3_Partie3.pdf; Pa Nu Papia Kriolu 3_Partie9.pdf"
"index",2,"Pa Nu Papia Kriolu 3_Partie3.pdf; Pa Nu Papia Kriolu 3_Partie8.pdf"
"pustana",2,"Pa Nu Papia Kriolu 3_Partie3.pdf; Pa Nu Papia Kriolu 3_Partie9.pdf"
"figadu",2,"Pa Nu Papia Kriolu 3_Partie3.pdf; Pa Nu Papia Kriolu 3_Partie9.pdf"
"stomagu",2,"Pa Nu Papia Kriolu 3_Partie3.pdf; Pa Nu Papia Kriolu 3_Partie9.pdf"
"konstipadu",2,"Pa Nu Papia Kriolu 3_Partie3.pdf; Pa Nu Papia Kriolu 3_Partie8.pdf"
"instep",2,"Pa Nu Papia Kriolu 3_Partie3.pdf; Pa Nu Papia Kriolu 3_Partie9.pdf"
"insect",2,"Pa Nu Papia Kriolu 3_Partie3.pdf; Pa Nu Papia Kriolu 3_Partie8.pdf"
"pidal",2,"Pa Nu Papia Kriolu 3_Partie3.pdf; Pa Nu Papia Kriolu 3_Partie9.pdf"
"pedal",2,"Pa Nu Papia Kriolu 3_Partie3.pdf; Pa Nu Papia Kriolu 3_Partie9.pdf"
"pressure",2,"Pa Nu Papia Kriolu 3_Partie3.pdf; Pa Nu Papia Kriolu 3_Partie9.pdf"
"protetor",2,"Pa Nu Papia Kriolu 3_Partie3.pdf; Pa Nu Papia Kriolu 3_Partie9.pdf"
"kuadradu",2,"Pa Nu Papia Kriolu 3_Partie3.pdf; Pa Nu Papia Kriolu 3_Partie9.pdf"
"oitavu",2,"Pa Nu Papia Kriolu 3_Partie3.pdf; Pa Nu Papia Kriolu 3_Partie8.pdf"
"desimunonu",2,"Pa Nu Papia Kriolu 3_Partie3.pdf; Pa Nu Papia Kriolu 3_Partie8.pdf"
"vijesimu",2,"Pa Nu Papia Kriolu 3_Partie3.pdf; Pa Nu Papia Kriolu 3_Partie9.pdf"
"konpletu",2,"Pa Nu Papia Kriolu 3_Partie3.pdf; Pa Nu Papia Kriolu 3_Partie7.pdf"
"natural",2,"Pa Nu Papia Kriolu 3_Partie3.pdf; Pa Nu Papia Kriolu 3_Partie6.pdf"
"perfume",2,"Pa Nu Papia Kriolu 3_Partie3.pdf; Pa Nu Papia Kriolu 3_Partie9.pdf"
"cabral",2,"Pa Nu Papia Kriolu 3_Partie3.pdf; Pa Nu Papia Kriolu 3_Partie5.pdf"
"di-nho",2,"Pa Nu Papia Kriolu 3_Partie3.pdf; Pa Nu Papia Kriolu 3_Partie5.pdf"
"motor",2,"Pa Nu Papia Kriolu 3_Partie3.pdf; Pa Nu Papia Kriolu 3_Partie6.pdf"
"abitual",2,"Pa Nu Papia Kriolu 3_Partie3.pdf; Pa Nu Papia Kriolu 3_Partie4.pdf"
"gana",2,"Pa Nu Papia Kriolu 3_Partie4.pdf; Pa Nu Papia Kriolu 3_Partie8.pdf"
"kumedu",2,"Pa Nu Papia Kriolu 3_Partie4.pdf; Pa Nu Papia Kriolu 3_Partie7.pdf"
"postal",2,"Pa Nu Papia Kriolu 3_Partie4.pdf; Pa Nu Papia Kriolu 3_Partie9.pdf"
"seu",2,"Pa Nu Papia Kriolu 3_Partie4.pdf; Pa Nu Papia Kriolu 3_Partie7.pdf"
"ingredient",2,"Pa Nu Papia Kriolu 3_Partie4.pdf; Pa Nu Papia Kriolu 3_Partie9.pdf"
"poi",2,"Pa Nu Papia Kriolu 3_Partie4.pdf; Pa Nu Papia Kriolu 3_Partie7.pdf"
"invernu",2,"Pa Nu Papia Kriolu 3_Partie4.pdf; Pa Nu Papia Kriolu 3_Partie6.pdf"
"disidi",2,"Pa Nu Papia Kriolu 3_Partie4.pdf; Pa Nu Papia Kriolu 3_Partie7.pdf"
"boneka",2,"Pa Nu Papia Kriolu 3_Partie4.pdf; Pa Nu Papia Kriolu 3_Partie5.pdf"
"perfect",2,"Pa Nu Papia Kriolu 3_Partie4.pdf; Pa Nu Papia Kriolu 3_Partie7.pdf"
"txomadu",2,"Pa Nu Papia Kriolu 3_Partie4.pdf; Pa Nu Papia Kriolu 3_Partie6.pdf"
"sugundu",2,"Pa Nu Papia Kriolu 3_Partie4.pdf; Pa Nu Papia Kriolu 3_Partie5.pdf"
"bendu",2,"Pa Nu Papia Kriolu 3_Partie4.pdf; Pa Nu Papia Kriolu 3_Partie9.pdf"
"rapaziada",2,"Pa Nu Papia Kriolu 3_Partie4.pdf; Pa Nu Papia Kriolu 3_Partie9.pdf"
"kuador",2,"Pa Nu Papia Kriolu 3_Partie4.pdf; Pa Nu Papia Kriolu 3_Partie9.pdf"
"piano",2,"Pa Nu Papia Kriolu 3_Partie4.pdf; Pa Nu Papia Kriolu 3_Partie9.pdf"
"sakedu",2,"Pa Nu Papia Kriolu 3_Partie4.pdf; Pa Nu Papia Kriolu 3_Partie6.pdf"
"po-m",2,"Pa Nu Papia Kriolu 3_Partie4.pdf; Pa Nu Papia Kriolu 3_Partie7.pdf"
"mandada",2,"Pa Nu Papia Kriolu 3_Partie4.pdf; Pa Nu Papia Kriolu 3_Partie6.pdf"
"port",2,"Pa Nu Papia Kriolu 3_Partie4.pdf; Pa Nu Papia Kriolu 3_Partie9.pdf"
"remu",2,"Pa Nu Papia Kriolu 3_Partie4.pdf; Pa Nu Papia Kriolu 3_Partie9.pdf"
"oar",2,"Pa Nu Papia Kriolu 3_Partie4.pdf; Pa Nu Papia Kriolu 3_Partie9.pdf"
"rezolve",2,"Pa Nu Papia Kriolu 3_Partie5.pdf; Pa Nu Papia Kriolu 3_Partie7.pdf"
"fundu",2,"Pa Nu Papia Kriolu 3_Partie5.pdf; Pa Nu Papia Kriolu 3_Partie9.pdf"
"kana",2,"Pa Nu Papia Kriolu 3_Partie5.pdf; Pa Nu Papia Kriolu 3_Partie6.pdf"
"indipendensia",2,"Pa Nu Papia Kriolu 3_Partie5.pdf; Pa Nu Papia Kriolu 3_Partie7.pdf"
"xintidu",2,"Pa Nu Papia Kriolu 3_Partie5.pdf; Pa Nu Papia Kriolu 3_Partie7.pdf"
"portador",2,"Pa Nu Papia Kriolu 3_Partie5.pdf; Pa Nu Papia Kriolu 3_Partie9.pdf"
"sirbidu",2,"Pa Nu Papia Kriolu 3_Partie5.pdf; Pa Nu Papia Kriolu 3_Partie6.pdf"
"fondu",2,"Pa Nu Papia Kriolu 3_Partie5.pdf; Pa Nu Papia Kriolu 3_Partie8.pdf"
"sinhor",2,"Pa Nu Papia Kriolu 3_Partie5.pdf; Pa Nu Papia Kriolu 3_Partie7.pdf"
"premiti",2,"Pa Nu Papia Kriolu 3_Partie5.pdf; Pa Nu Papia Kriolu 3_Partie9.pdf"
"ajuda",2,"Pa Nu Papia Kriolu 3_Partie5.pdf; Pa Nu Papia Kriolu 3_Partie9.pdf"
"dizanima",2,"Pa Nu Papia Kriolu 3_Partie5.pdf; Pa Nu Papia Kriolu 3_Partie7.pdf"
"serka",2,"Pa Nu Papia Kriolu 3_Partie5.pdf; Pa Nu Papia Kriolu 3_Partie6.pdf"
"boa",2,"Pa Nu Papia Kriolu 3_Partie5.pdf; Pa Nu Papia Kriolu 3_Partie7.pdf"
"kapital",2,"Pa Nu Papia Kriolu 3_Partie5.pdf; Pa Nu Papia Kriolu 3_Partie7.pdf"
"republika",2,"Pa Nu Papia Kriolu 3_Partie5.pdf; Pa Nu Papia Kriolu 3_Partie6.pdf"
"independenti",2,"Pa Nu Papia Kriolu 3_Partie5.pdf; Pa Nu Papia Kriolu 3_Partie7.pdf"
"serkadi",2,"Pa Nu Papia Kriolu 3_Partie5.pdf; Pa Nu Papia Kriolu 3_Partie9.pdf"
"mediteraniu",2,"Pa Nu Papia Kriolu 3_Partie5.pdf; Pa Nu Papia Kriolu 3_Partie9.pdf"
"divididu",2,"Pa Nu Papia Kriolu 3_Partie5.pdf; Pa Nu Papia Kriolu 3_Partie7.pdf"
"kulonial",2,"Pa Nu Papia Kriolu 3_Partie5.pdf; Pa Nu Papia Kriolu 3_Partie6.pdf"
"kreditu",2,"Pa Nu Papia Kriolu 3_Partie5.pdf; Pa Nu Papia Kriolu 3_Partie9.pdf"
"rekordason",2,"Pa Nu Papia Kriolu 3_Partie5.pdf; Pa Nu Papia Kriolu 3_Partie9.pdf"
"grandeza",2,"Pa Nu Papia Kriolu 3_Partie5.pdf; Pa Nu Papia Kriolu 3_Partie8.pdf"
"desk",2,"Pa Nu Papia Kriolu 3_Partie5.pdf; Pa Nu Papia Kriolu 3_Partie9.pdf"
"tetu",2,"Pa Nu Papia Kriolu 3_Partie5.pdf; Pa Nu Papia Kriolu 3_Partie9.pdf"
"salada",2,"Pa Nu Papia Kriolu 3_Partie5.pdf; Pa Nu Papia Kriolu 3_Partie9.pdf"
"ventuinha",2,"Pa Nu Papia Kriolu 3_Partie5.pdf; Pa Nu Papia Kriolu 3_Partie9.pdf"
"prinda",2,"Pa Nu Papia Kriolu 3_Partie5.pdf; Pa Nu Papia Kriolu 3_Partie9.pdf"
"prindador",2,"Pa Nu Papia Kriolu 3_Partie5.pdf; Pa Nu Papia Kriolu 3_Partie9.pdf"
"mior",2,"Pa Nu Papia Kriolu 3_Partie5.pdf; Pa Nu Papia Kriolu 3_Partie9.pdf"
"tomada",2,"Pa Nu Papia Kriolu 3_Partie5.pdf; Pa Nu Papia Kriolu 3_Partie9.pdf"
"kubertor",2,"Pa Nu Papia Kriolu 3_Partie5.pdf; Pa Nu Papia Kriolu 3_Partie9.pdf"
"sekador",2,"Pa Nu Papia Kriolu 3_Partie5.pdf; Pa Nu Papia Kriolu 3_Partie9.pdf"
"menzaliza",2,"Pa Nu Papia Kriolu 3_Partie5.pdf; Pa Nu Papia Kriolu 3_Partie8.pdf"
"feru",2,"Pa Nu Papia Kriolu 3_Partie5.pdf; Pa Nu Papia Kriolu 3_Partie9.pdf"
"lanpada",2,"Pa Nu Papia Kriolu 3_Partie5.pdf; Pa Nu Papia Kriolu 3_Partie8.pdf"
"excuse",2,"Pa Nu Papia Kriolu 3_Partie5.pdf; Pa Nu Papia Kriolu 3_Partie9.pdf"
"profundeza",2,"Pa Nu Papia Kriolu 3_Partie5.pdf; Pa Nu Papia Kriolu 3_Partie9.pdf"
"pasensia",2,"Pa Nu Papia Kriolu 3_Partie5.pdf; Pa Nu Papia Kriolu 3_Partie9.pdf"
"profound",2,"Pa Nu Papia Kriolu 3_Partie5.pdf; Pa Nu Papia Kriolu 3_Partie9.pdf"
"proverbs",2,"Pa Nu Papia Kriolu 3_Partie5.pdf; Pa Nu Papia Kriolu 3_Partie8.pdf"
"sapatinha",2,"Pa Nu Papia Kriolu 3_Partie5.pdf; Pa Nu Papia Kriolu 3_Partie9.pdf"
"brumedjinha",2,"Pa Nu Papia Kriolu 3_Partie6.pdf; Pa Nu Papia Kriolu 3_Partie9.pdf"
"gera",2,"Pa Nu Papia Kriolu 3_Partie6.pdf; Pa Nu Papia Kriolu 3_Partie7.pdf"
"kontadu",2,"Pa Nu Papia Kriolu 3_Partie6.pdf; Pa Nu Papia Kriolu 3_Partie7.pdf"
"cesaria",2,"Pa Nu Papia Kriolu 3_Partie6.pdf; Pa Nu Papia Kriolu 3_Partie7.pdf"
"vora",2,"Pa Nu Papia Kriolu 3_Partie6.pdf; Pa Nu Papia Kriolu 3_Partie7.pdf"
"di-meia-lua",2,"Pa Nu Papia Kriolu 3_Partie6.pdf; Pa Nu Papia Kriolu 3_Partie9.pdf"
"kumersiu",2,"Pa Nu Papia Kriolu 3_Partie6.pdf; Pa Nu Papia Kriolu 3_Partie9.pdf"
"muzika",2,"Pa Nu Papia Kriolu 3_Partie6.pdf; Pa Nu Papia Kriolu 3_Partie7.pdf"
"kau",2,"Pa Nu Papia Kriolu 3_Partie6.pdf; Pa Nu Papia Kriolu 3_Partie9.pdf"
"puezia",2,"Pa Nu Papia Kriolu 3_Partie6.pdf; Pa Nu Papia Kriolu 3_Partie9.pdf"
"rejlect",2,"Pa Nu Papia Kriolu 3_Partie6.pdf; Pa Nu Papia Kriolu 3_Partie9.pdf"
"pesa",2,"Pa Nu Papia Kriolu 3_Partie6.pdf; Pa Nu Papia Kriolu 3_Partie9.pdf"
"sentral",2,"Pa Nu Papia Kriolu 3_Partie6.pdf; Pa Nu Papia Kriolu 3_Partie7.pdf"
"fazedu",2,"Pa Nu Papia Kriolu 3_Partie6.pdf; Pa Nu Papia Kriolu 3_Partie7.pdf"
"kentadu",2,"Pa Nu Papia Kriolu 3_Partie6.pdf; Pa Nu Papia Kriolu 3_Partie7.pdf"
"seklu",2,"Pa Nu Papia Kriolu 3_Partie6.pdf; Pa Nu Papia Kriolu 3_Partie9.pdf"
"kuzidu",2,"Pa Nu Papia Kriolu 3_Partie6.pdf; Pa Nu Papia Kriolu 3_Partie7.pdf"
"festejadu",2,"Pa Nu Papia Kriolu 3_Partie6.pdf; Pa Nu Papia Kriolu 3_Partie9.pdf"
"profanu",2,"Pa Nu Papia Kriolu 3_Partie6.pdf; Pa Nu Papia Kriolu 3_Partie9.pdf"
"rua",2,"Pa Nu Papia Kriolu 3_Partie6.pdf; Pa Nu Papia Kriolu 3_Partie7.pdf"
"initiate",2,"Pa Nu Papia Kriolu 3_Partie6.pdf; Pa Nu Papia Kriolu 3_Partie8.pdf"
"profane",2,"Pa Nu Papia Kriolu 3_Partie6.pdf; Pa Nu Papia Kriolu 3_Partie9.pdf"
"fabrika",2,"Pa Nu Papia Kriolu 3_Partie6.pdf; Pa Nu Papia Kriolu 3_Partie9.pdf"
"sui",2,"Pa Nu Papia Kriolu 3_Partie6.pdf; Pa Nu Papia Kriolu 3_Partie7.pdf"
"imigranti",2,"Pa Nu Papia Kriolu 3_Partie6.pdf; Pa Nu Papia Kriolu 3_Partie7.pdf"
"pagadu",2,"Pa Nu Papia Kriolu 3_Partie6.pdf; Pa Nu Papia Kriolu 3_Partie7.pdf"
"realizason",2,"Pa Nu Papia Kriolu 3_Partie6.pdf; Pa Nu Papia Kriolu 3_Partie9.pdf"
"konsebedu",2,"Pa Nu Papia Kriolu 3_Partie6.pdf; Pa Nu Papia Kriolu 3_Partie8.pdf"
"panhadu",2,"Pa Nu Papia Kriolu 3_Partie6.pdf; Pa Nu Papia Kriolu 3_Partie7.pdf"
"sobradus",2,"Pa Nu Papia Kriolu 3_Partie6.pdf; Pa Nu Papia Kriolu 3_Partie9.pdf"
"privadu",2,"Pa Nu Papia Kriolu 3_Partie6.pdf; Pa Nu Papia Kriolu 3_Partie9.pdf"
"prublema",2,"Pa Nu Papia Kriolu 3_Partie6.pdf; Pa Nu Papia Kriolu 3_Partie7.pdf"
"anbiental",2,"Pa Nu Papia Kriolu 3_Partie6.pdf; Pa Nu Papia Kriolu 3_Partie9.pdf"
"strela",2,"Pa Nu Papia Kriolu 3_Partie6.pdf; Pa Nu Papia Kriolu 3_Partie9.pdf"
"pais",2,"Pa Nu Papia Kriolu 3_Partie6.pdf; Pa Nu Papia Kriolu 3_Partie7.pdf"
"todu",2,"Pa Nu Papia Kriolu 3_Partie6.pdf; Pa Nu Papia Kriolu 3_Partie7.pdf"
"pasmadu",2,"Pa Nu Papia Kriolu 3_Partie6.pdf; Pa Nu Papia Kriolu 3_Partie9.pdf"
"peranti",2,"Pa Nu Papia Kriolu 3_Partie6.pdf; Pa Nu Papia Kriolu 3_Partie9.pdf"
"influensia",2,"Pa Nu Papia Kriolu 3_Partie6.pdf; Pa Nu Papia Kriolu 3_Partie7.pdf"
"valor",2,"Pa Nu Papia Kriolu 3_Partie6.pdf; Pa Nu Papia Kriolu 3_Partie7.pdf"
"sentenas",2,"Pa Nu Papia Kriolu 3_Partie6.pdf; Pa Nu Papia Kriolu 3_Partie9.pdf"
"punhais",2,"Pa Nu Papia Kriolu 3_Partie6.pdf; Pa Nu Papia Kriolu 3_Partie9.pdf"
"k'era",2,"Pa Nu Papia Kriolu 3_Partie6.pdf; Pa Nu Papia Kriolu 3_Partie7.pdf"
"pomenza",2,"Pa Nu Papia Kriolu 3_Partie7.pdf; Pa Nu Papia Kriolu 3_Partie9.pdf"
"fadigadu",2,"Pa Nu Papia Kriolu 3_Partie7.pdf; Pa Nu Papia Kriolu 3_Partie9.pdf"
"mutor",2,"Pa Nu Papia Kriolu 3_Partie7.pdf; Pa Nu Papia Kriolu 3_Partie9.pdf"
"diskabesiaba",2,"Pa Nu Papia Kriolu 3_Partie7.pdf; Pa Nu Papia Kriolu 3_Partie9.pdf"
"gengas",2,"Pa Nu Papia Kriolu 3_Partie7.pdf; Pa Nu Papia Kriolu 3_Partie8.pdf"
"diskurpa",2,"Pa Nu Papia Kriolu 3_Partie7.pdf; Pa Nu Papia Kriolu 3_Partie9.pdf"
"kalma",2,"Pa Nu Papia Kriolu 3_Partie7.pdf; Pa Nu Papia Kriolu 3_Partie8.pdf"
"pizadu",2,"Pa Nu Papia Kriolu 3_Partie7.pdf; Pa Nu Papia Kriolu 3_Partie9.pdf"
"sperteza",2,"Pa Nu Papia Kriolu 3_Partie7.pdf; Pa Nu Papia Kriolu 3_Partie9.pdf"
"diskulpa-m",2,"Pa Nu Papia Kriolu 3_Partie7.pdf; Pa Nu Papia Kriolu 3_Partie9.pdf"
"sanpes",2,"Pa Nu Papia Kriolu 3_Partie7.pdf; Pa Nu Papia Kriolu 3_Partie9.pdf"
"disu",2,"Pa Nu Papia Kriolu 3_Partie7.pdf; Pa Nu Papia Kriolu 3_Partie8.pdf"
"pozentu",2,"Pa Nu Papia Kriolu 3_Partie7.pdf; Pa Nu Papia Kriolu 3_Partie9.pdf"
"razarbandu",2,"Pa Nu Papia Kriolu 3_Partie7.pdf; Pa Nu Papia Kriolu 3_Partie9.pdf"
"distinsan",2,"Pa Nu Papia Kriolu 3_Partie7.pdf; Pa Nu Papia Kriolu 3_Partie9.pdf"
"personal",2,"Pa Nu Papia Kriolu 3_Partie7.pdf; Pa Nu Papia Kriolu 3_Partie9.pdf"
"dibinha",2,"Pa Nu Papia Kriolu 3_Partie7.pdf; Pa Nu Papia Kriolu 3_Partie8.pdf"
"lookor",2,"Pa Nu Papia Kriolu 3_Partie7.pdf; Pa Nu Papia Kriolu 3_Partie8.pdf"
"eam",2,"Pa Nu Papia Kriolu 3_Partie8.pdf; Pa Nu Papia Kriolu 3_Partie9.pdf"
"despise",2,"Pa Nu Papia Kriolu 3_Partie8.pdf; Pa Nu Papia Kriolu 3_Partie9.pdf"
"muda",2,"Pa Nu Papia Kriolu 3_Partie8.pdf; Pa Nu Papia Kriolu 3_Partie9.pdf"
"afarmfor",2,"Pa Nu Papia Kriolu 3_Partie8.pdf; Pa Nu Papia Kriolu 3_Partie9.pdf"
"nina",2,"Pa Nu Papia Kriolu 3_Partie8.pdf; Pa Nu Papia Kriolu 3_Partie9.pdf"
"prepare",2,"Pa Nu Papia Kriolu 3_Partie8.pdf; Pa Nu Papia Kriolu 3_Partie9.pdf"
"pasma",2,"Pa Nu Papia Kriolu 3_Partie8.pdf; Pa Nu Papia Kriolu 3_Partie9.pdf"
"exchange",2,"Pa Nu Papia Kriolu 3_Partie8.pdf; Pa Nu Papia Kriolu 3_Partie9.pdf"
"engluh",2,"Pa Nu Papia Kriolu 3_Partie8.pdf; Pa Nu Papia Kriolu 3_Partie9.pdf"
"inhabitant",2,"Pa Nu Papia Kriolu 3_Partie8.pdf; Pa Nu Papia Kriolu 3_Partie9.pdf"
"indigo",2,"Pa Nu Papia Kriolu 3_Partie8.pdf; Pa Nu Papia Kriolu 3_Partie9.pdf"
"anchor",2,"Pa Nu Papia Kriolu 3_Partie8.pdf; Pa Nu Papia Kriolu 3_Partie9.pdf"
"arteria",2,"Pa Nu Papia Kriolu 3_Partie8.pdf; Pa Nu Papia Kriolu 3_Partie9.pdf"
"bental",2,"Pa Nu Papia Kriolu 3_Partie8.pdf; Pa Nu Papia Kriolu 3_Partie9.pdf"
"eve",2,"Pa Nu Papia Kriolu 3_Partie8.pdf; Pa Nu Papia Kriolu 3_Partie9.pdf"
"bistimenta",2,"Pa Nu Papia Kriolu 3_Partie8.pdf; Pa Nu Papia Kriolu 3_Partie9.pdf"
"dekora",2,"Pa Nu Papia Kriolu 3_Partie8.pdf; Pa Nu Papia Kriolu 3_Partie9.pdf"
"bosa",2,"Pa Nu Papia Kriolu 3_Partie8.pdf; Pa Nu Papia Kriolu 3_Partie9.pdf"
"ofa",2,"Pa Nu Papia Kriolu 3_Partie8.pdf; Pa Nu Papia Kriolu 3_Partie9.pdf"
"adu",2,"Pa Nu Papia Kriolu 3_Partie8.pdf; Pa Nu Papia Kriolu 3_Partie9.pdf"
"proud",2,"Pa Nu Papia Kriolu 3_Partie8.pdf; Pa Nu Papia Kriolu 3_Partie9.pdf"
"europe",2,"Pa Nu Papia Kriolu 3_Partie8.pdf; Pa Nu Papia Kriolu 3_Partie9.pdf"
"allegorical",2,"Pa Nu Papia Kriolu 3_Partie8.pdf; Pa Nu Papia Kriolu 3_Partie9.pdf"
"images",2,"Pa Nu Papia Kriolu 3_Partie8.pdf; Pa Nu Papia Kriolu 3_Partie9.pdf"
"pregnant",2,"Pa Nu Papia Kriolu 3_Partie8.pdf; Pa Nu Papia Kriolu 3_Partie9.pdf"
"age",2,"Pa Nu Papia Kriolu 3_Partie8.pdf; Pa Nu Papia Kriolu 3_Partie9.pdf"
"ecological",2,"Pa Nu Papia Kriolu 3_Partie8.pdf; Pa Nu Papia Kriolu 3_Partie9.pdf"
"incorporate",2,"Pa Nu Papia Kriolu 3_Partie8.pdf; Pa Nu Papia Kriolu 3_Partie9.pdf"
"gaina",2,"Pa Nu Papia Kriolu 3_Partie8.pdf; Pa Nu Papia Kriolu 3_Partie9.pdf"
"research",2,"Pa Nu Papia Kriolu 3_Partie8.pdf; Pa Nu Papia Kriolu 3_Partie9.pdf"
"conjidential",2,"Pa Nu Papia Kriolu 3_Partie8.pdf; Pa Nu Papia Kriolu 3_Partie9.pdf"
"kapel",2,"Pa Nu Papia Kriolu 3_Partie8.pdf; Pa Nu Papia Kriolu 3_Partie9.pdf"
"konpridu",2,"Pa Nu Papia Kriolu 3_Partie8.pdf; Pa Nu Papia Kriolu 3_Partie9.pdf"
"compressor",2,"Pa Nu Papia Kriolu 3_Partie8.pdf; Pa Nu Papia Kriolu 3_Partie9.pdf"
"englula",2,"Pa Nu Papia Kriolu 3_Partie8.pdf; Pa Nu Papia Kriolu 3_Partie9.pdf"
"dishes",2,"Pa Nu Papia Kriolu 3_Partie8.pdf; Pa Nu Papia Kriolu 3_Partie9.pdf"
"lenha",2,"Pa Nu Papia Kriolu 3_Partie8.pdf; Pa Nu Papia Kriolu 3_Partie9.pdf"
"liquor",2,"Pa Nu Papia Kriolu 3_Partie8.pdf; Pa Nu Papia Kriolu 3_Partie9.pdf"
"animais",2,"Pa Nu Papia Kriolu 3_Partie8.pdf; Pa Nu Papia Kriolu 3_Partie9.pdf"
"behavior",2,"Pa Nu Papia Kriolu 3_Partie8.pdf; Pa Nu Papia Kriolu 3_Partie9.pdf"
"special",2,"Pa Nu Papia Kriolu 3_Partie8.pdf; Pa Nu Papia Kriolu 3_Partie9.pdf"
"meianoti",2,"Pa Nu Papia Kriolu 3_Partie8.pdf; Pa Nu Papia Kriolu 3_Partie9.pdf"
"meldikana",2,"Pa Nu Papia Kriolu 3_Partie8.pdf; Pa Nu Papia Kriolu 3_Partie9.pdf"
"merkadinorti",2,"Pa Nu Papia Kriolu 3_Partie8.pdf; Pa Nu Papia Kriolu 3_Partie9.pdf"
"padi",2,"Pa Nu Papia Kriolu 3_Partie8.pdf; Pa Nu Papia Kriolu 3_Partie9.pdf"
"official",2,"Pa Nu Papia Kriolu 3_Partie8.pdf; Pa Nu Papia Kriolu 3_Partie9.pdf"
"intemu",2,"Pa Nu Papia Kriolu 3_Partie8.pdf; Pa Nu Papia Kriolu 3_Partie9.pdf"
"internai",2,"Pa Nu Papia Kriolu 3_Partie8.pdf; Pa Nu Papia Kriolu 3_Partie9.pdf"
"ospeda",2,"Pa Nu Papia Kriolu 3_Partie8.pdf; Pa Nu Papia Kriolu 3_Partie9.pdf"